고유번호,회사명,종목코드,수정일
260985,한빛네트,36720,20170630
264529,엔플렉스,40130,20170630
358545,동서정보기술,55000,20170630
231567,애드모바일,32600,20170630
247939,씨모스,37600,20170630
359614,리더컴,56140,20170630
153551,허메스홀딩스,12400,20170630
344746,유티엑스,45880,20170630
261188,글로포스트,37830,20170630
268020,쏠라엔텍,30390,20170630
269287,보홍,41320,20170630
475286,동북아1호선박투자회사,78420,20170630
250775,에듀아크,46350,20170630
114321,데코,13650,20170630
191108,엘앤씨피,15390,20170630
167378,희훈디앤지,19640,20170630
225210,퓨쳐인포넷,58690,20170630
223346,쓰리디넷,35400,20170630
174129,제일저축은행,24100,20170630
114826,제일창업투자,26540,20170630
173333,현대DSF,16510,20170630
687599,네프로아이티,950030,20170630
256292,자강,36790,20170630
271431,케이엠에스,38830,20170630
154727,에버리소스,20070,20170630
246189,제이에스,37110,20170630
154204,태창기업,7490,20170630
152631,에이치비이에너지,17300,20170630
107923,남한제지,1950,20170630
358095,코어비트,56850,20170630
510215,동북아8호선박투자회사,82110,20170630
347619,한국통신데이타,45760,20170630
372013,케너텍,62730,20170630
353735,다휘,55250,20170630
186540,코오롱아이넷,22520,20170630
128759,캠브리지코오롱,4620,20170630
535588,네오세미테크,89240,20170630
264981,디에이치패션,45260,20170630
231521,핸디소프트,32380,20170630
159908,케이엠에이치,9690,20170630
259493,씨엘엘씨디,35710,20170630
359641,현대푸드시스템,114410,20170630
103325,고제,2540,20170630
161639,메리츠종합금융,12420,20170630
211271,제넥셀세인,34660,20170630
388272,쓰리디월드,65340,20170630
264796,스톰이앤에프,43680,20170630
134909,소예,35010,20170630
236368,엠엔에프씨,48640,20170630
684547,하이트맥주,103150,20170630
251385,보광티에스,66690,20170630
262682,아인스엠앤엠,40740,20170630
234555,씨엔씨엔터프라이즈,38420,20170630
507257,아이알디,84810,20170630
417963,바이나믹,67850,20170630
543523,코크렙제7호위탁관리부동산투자회사,86720,20170630
300566,엔빅스,54170,20170630
299376,선팩테크,54010,20170630
112068,마이크로닉스,1190,20170630
257194,블루스톤디앤아이,33720,20170630
477372,신지소프트,78700,20170630
465410,맥쿼리센트럴오피스기업구조조정부동산투자회사,76850,20170630
331760,테스텍,48510,20170630
200761,중앙디자인,30030,20170630
268297,에코페트로시스템,42870,20170630
161301,한림창업투자,21060,20170630
237260,헤쎄나,36270,20170630
297970,미래에셋굿라이프혼합형자녀를위한투자회사10-1,37510,20170630
107358,일공공일안경콘택트,32030,20170630
115427,신동방CP,4660,20170630
267474,지앤알,43630,20170630
134051,셀런,13240,20170630
596066,한국베트남15-1유전해외자원개발투자회사,93820,20170630
347363,에이치원바이오,52310,20170630
150226,씨앤중공업,8400,20170630
152914,FnC코오롱,1370,20170630
158839,제너비오믹스,17010,20170630
159281,케드콤,11050,20170630
210537,지엔텍홀딩스,65410,20170630
240370,동부씨엔아이,44640,20170630
247887,아이피에스,51820,20170630
268358,에스브이에이치,46240,20170630
316488,제이콤,60750,20170630
264130,옥션,43790,20170630
540304,네이쳐글로벌,88020,20170630
617299,GB블루오션베트남주식혼합형투자회사1호,94950,20170630
262275,엠씨티티코어,52210,20170630
200798,에이스앤파트너스,32930,20170630
335924,지앤디윈텍,61050,20170630
111591,인터피온반도체,14010,20170630
189343,솔로몬저축은행,7800,20170630
252588,엠트론스토리지테크놀로지,46320,20170630
267997,에스티앤아이,31800,20170630
367376,사이노젠,64060,20170630
299686,유퍼트,60670,20170630
463050,엑스로드,74140,20170630
238913,선우중공업,68770,20170630
107446,남양,3020,20170630
114303,엘지데이콤,15940,20170630
318617,LG파워콤,45820,20170630
267775,동산진흥,31960,20170630
394574,티이씨,67950,20170630
110176,한국기술산업,8320,20170630
349787,지케이파워,54020,20170630
136554,스타맥스,17050,20170630
144562,유성티에스아이,24870,20170630
370547,네오리소스,58550,20170630
242439,케이알,35950,20170630
134060,씨앤상선,790,20170630
392600,투미비티,58900,20170630
259855,코아정보시스템,39990,20170630
385451,케이에스리소스,66340,20170630
258944,세계투어,47600,20170630
798530,동양밸류오션기업인수목적,122290,20170630
451268,케이이엔지,77960,20170630
336570,사이버패스,63280,20170630
363325,산양전기,79870,20170630
148188,으뜸상호저축은행,32150,20170630
508566,국제개발,80570,20170630
133928,세신,4230,20170630
540784,골든브릿지더블유엠경매부동산일호투자회사,84160,20170630
298252,엘앤피아너스,61140,20170630
264556,에이스일렉트로닉스,38690,20170630
581000,디앤샵,90090,20170630
359094,더체인지,54120,20170630
686970,다산자기관리부동산투자회사,105380,20170630
255309,써니트렌드,35500,20170630
362380,뉴젠비아이티,54650,20170630
244862,룩소네이트,33880,20170630
301015,한서제약,44070,20170630
297165,현대오토넷,42100,20170630
105767,LG마이크론,16990,20170630
173397,서광건설산업,1600,20170630
259606,플러스프로핏,36660,20170630
178471,한와이어리스,37020,20170630
331733,포휴먼,49690,20170630
104892,알이네트웍스,23670,20170630
647917,케이알제2호개발전문위탁관리부동산투자회사,101790,20170630
597764,미래에셋맵스오퍼튜니티베트남주식혼합형투자회사1호,94520,20170630
355821,씨티엘테크,88960,20170630
329677,이디디컴퍼니,52650,20170630
244871,케이티프리텔,32390,20170630
246383,메카포럼,35830,20170630
345499,에스피코프,48130,20170630
348140,이롬텍,45400,20170630
215107,이앤텍,47450,20170630
106508,기린,6070,20170630
560991,맥스브로,88810,20170630
265263,토자이홀딩스,37700,20170630
142564,우방,13200,20170630
198572,동양매직,23020,20170630
642648,코웰이홀딩스유한공사,900020,20170630
537443,아구스,78670,20170630
113173,대한은박지,7480,20170630
441872,인스프리트,73130,20170630
480844,하이럭스,79340,20170630
262044,트리니티,53070,20170630
101442,카라반케이디이,32570,20170630
295875,더존디지털웨어,45380,20170630
441298,디보스,80140,20170630
263885,포네이처,45290,20170630
475532,테이크시스템즈,76090,20170630
130204,폴켐,33190,20170630
128731,유리이에스,7050,20170630
325981,에프아이투어,47370,20170630
540021,모빌탑,85680,20170630
362089,올리브나인,52970,20170630
228916,디패션,30420,20170630
114215,알덱스,25970,20170630
264103,에이엠에스,44770,20170630
109648,오라바이오틱스,16160,20170630
261212,시노펙스그린테크,37320,20170630
348007,야호커뮤니케이션,59720,20170630
275808,브이케이,48760,20170630
375579,팬택앤큐리텔,63350,20170630
197324,팬텀엔터테인먼트그룹,25460,20170630
339063,삼성수산,52560,20170630
538497,동북아15호선박투자회사,84240,20170630
329084,비엔디,47940,20170630
225140,쌈지,33260,20170630
101947,브이오산업,18890,20170630
287724,코디콤,41800,20170630
347840,제네시스엔알디,52640,20170630
504357,동북아6호선박투자회사,80410,20170630
269339,인네트,41450,20170630
634959,한국월드와이드아시아태평양특별자산1호투자회사,98150,20170630
267094,헤파호프코리아,39350,20170630
142698,휴리프,6210,20170630
350057,하이스마텍,57100,20170630
721981,삼성디지털이미징,108070,20170630
248691,씨제이인터넷,37150,20170630
335562,엠넷미디어,56200,20170630
369675,온미디어,45710,20170630
265078,유니텍전자,39040,20170630
267809,위더스기술금융,19430,20170630
314000,클라스타,37550,20170630
355292,아시아미디어홀딩스,52810,20170630
386557,아이스테이션,56010,20170630
548865,동북아21호선박투자회사,88010,20170630
221320,에이스디지텍,36550,20170630
124054,부산저축은행,7830,20170630
301486,에피밸리,68630,20170630
149248,아세아페이퍼텍,9380,20170630
311298,오페스,53470,20170630
348557,액티투오,47710,20170630
265342,에이치에스씨홀딩스,38920,20170630
156734,한국고덴시,27840,20170630
208693,나리지*온,36850,20170630
128953,프로비타,14420,20170630
428792,제로원인터랙티브,69470,20170630
148744,제일화재해상보험,610,20170630
518873,동북아9호선박투자회사,83120,20170630
300779,굿이엠지,51530,20170630
397766,아이드림,66850,20170630
174305,조인에너지,4820,20170630
320807,태광이엔시,48140,20170630
106492,렉스엘이앤지,4790,20170630
592583,코리아퍼시픽05호선박투자회사,93400,20170630
275260,엑큐리스,48460,20170630
146719,일화모직공업,1590,20170630
183914,우경,25920,20170630
481676,세미텍,81220,20170630
104971,그린손해보험,470,20170630
269773,대양글로벌,40180,20170630
334767,엔하이테크,46720,20170630
453752,제너시스템즈,73930,20170630
140919,엘트온,15050,20170630
255840,태산엘시디,36210,20170630
133034,성원건설,12090,20170630
161028,대우송도개발,4550,20170630
174475,현대금속,18410,20170630
251482,트라이써클,34010,20170630
824659,아이비케이에스스마트에스엠이기업인수목적1호,126680,20170630
259536,네스테크,37540,20170630
505198,동북아5호선박투자회사,80980,20170630
679730,파브코,101990,20170630
803504,우리기업인수목적1호,122750,20170630
350118,뉴젠아이씨티,54150,20170630
352295,인젠,41630,20170630
240088,지앤에스티,36920,20170630
356158,영진코퍼레이션,53330,20170630
560025,코크렙제8호위탁관리부동산투자회사,90540,20170630
140380,유니온스틸,3640,20170630
101275,경남모직,1670,20170630
334493,씨티앤티,50470,20170630
797674,대우증권그린코리아기업인수목적회사,121910,20170630
244589,지노시스템,33850,20170630
802028,한국투자신성장1호기업인수목적회사,123290,20170630
164292,동원데어리푸드,3900,20170630
371519,휴먼텍코리아,66060,20170630
126593,에스에스씨피,71660,20170630
220181,평산,89480,20170630
254009,지디코프,36610,20170630
505541,아시아퍼시픽2호선박투자회사,81190,20170630
240398,무한투자,34510,20170630
828309,동부티에스블랙펄기업인수목적,128910,20170630
349468,블루젬디앤씨,53040,20170630
808262,부국퓨쳐스타즈기업인수목적,123300,20170630
252393,예당컴퍼니,49000,20170630
229818,터보테크,32420,20170630
154189,케이비물산,8540,20170630
680161,연합과기공고유한공사,900030,20170630
102645,글로스텍,12410,20170630
844884,중국고섬공고유한공사,950070,20170630
592592,코리아퍼시픽06호선박투자회사,93410,20170630
268437,나노트로닉스,10670,20170630
798284,미래에셋제1호기업인수목적,121950,20170630
164195,에이원마이크로,37380,20170630
264811,에이프로테크놀로지,45470,20170630
208301,성우몰드,53440,20170630
676380,모린스,110310,20170630
543231,디지텍시스템스,91690,20170630
103121,세븐코스프,17160,20170630
122436,배명금속,11800,20170630
505189,동북아4호선박투자회사,80970,20170630
271413,사라콤,40020,20170630
245296,폴리플러스,65610,20170630
188122,하나물산,36280,20170630
480905,영찬테크,85990,20170630
890333,케이비부국제1호개발전문위탁관리부동산투자회사,149130,20170630
510534,아시아퍼시픽8호선박투자회사,81930,20170630
150855,진흥저축은행,7200,20170630
173634,에듀언스,9010,20170630
830377,성융광전투자유한공사,900150,20170630
224567,샤인시스템,66300,20170630
582054,씨모텍,81090,20170630
125929,에스컴,14900,20170630
502793,아시아퍼시픽1호선박투자회사,80180,20170630
505550,아시아퍼시픽3호선박투자회사,81200,20170630
104704,한국저축은행,25610,20170630
361035,미리넷,56710,20170630
630111,3노드디지탈그룹유한공사,900010,20170630
264802,유일엔시스,38720,20170630
399773,케이피케미칼,64420,20170630
257529,이루넷,41030,20170630
804114,대신증권그로쓰알파기업인수목적,123550,20170630
416706,유에이블,71530,20170630
121251,네오퍼플,28090,20170630
173324,경윤하이드로에너지,19120,20170630
121729,롯데미도파,4010,20170630
808226,한화에스브이명장제1호기업인수목적,124050,20170630
162577,셀텍,19260,20170630
812229,에스비아이앤솔로몬드림기업인수목적,123910,20170630
351153,위다스,56810,20170630
126885,에스와이코퍼레이션,8080,20170630
264741,어울림네트웍스,42820,20170630
266989,에이디모터스,38120,20170630
260693,평안물산,37240,20170630
267951,아큐텍,13780,20170630
132114,선진지주,14300,20170630
804983,히든챔피언제1호기업인수목적,123160,20170630
502474,동북아2호선박투자회사,80030,20170630
579379,금강제강,105070,20170630
264857,아라온테크,41060,20170630
375302,우리금융지주,53000,20170630
252658,코리언일랙트로닉스파워소스,46810,20170630
264848,대국,42340,20170630
138376,쎄라텍,41550,20170630
251190,글로웍스,34600,20170630
694003,중국식품포장유한공사,900060,20170630
505170,동북아3호선박투자회사,80960,20170630
116073,그린기술투자,25340,20170630
259439,지아이바이오,35450,20170630
207436,알에스넷,46430,20170630
408585,나이스메탈,72530,20170630
111829,대웅바이오,16890,20170630
956028,엑세스바이오,950130,20170630
115038,하나IB증권,3330,20170630
288653,퓨쳐비젼,42570,20170630
303837,이레전자산업,45310,20170630
330017,레이더스컴퍼니,47420,20170630
264769,포이보스,38810,20170630
308948,미디어코프,53890,20170630
321222,케이디세코,73780,20170630
361202,이노블루,66200,20170630
450728,도움,78610,20170630
535773,엑스씨이,81500,20170630
152950,코오롱유화,11020,20170630
296069,세라온홀딩스,50600,20170630
521956,현대경매부동산일호투자회사,83160,20170630
360540,우수씨엔에스,60550,20170630
593519,동북아31호선박투자회사,93730,20170630
194372,후야인포넷,32050,20170630
154693,이레아이엔씨,36900,20170630
106650,카스코,5330,20170630
368791,모델라인,64720,20170630
220552,청람디지탈,35270,20170630
301626,플래닛팔이,57330,20170630
294371,한텔,41940,20170630
353683,코스모스피엘씨,53170,20170630
252375,나노하이텍,71360,20170630
260903,쓰리소프트,36360,20170630
261461,트라이콤,38410,20170630
265218,케이엔에스홀딩스,36760,20170630
471989,지비에스,76170,20170630
306986,피더블유제네틱스,65910,20170630
356644,엠텍반도체,54440,20170630
305695,세니콘,56060,20170630
151252,에스와이,4530,20170630
257051,유씨아이콜스,65810,20170630
459589,코크렙제3호CR리츠,73530,20170630
264839,아이비진,39060,20170630
366164,아이티센네트웍스,57110,20170630
436728,리얼티코리아제1호기업구조조정부동산투자,72450,20170630
136235,BHK,3990,20170630
328854,포넷,48270,20170630
120960,맥슨텔레콤,9890,20170630
220446,예일바이오텍,54250,20170630
119733,엔토리노,32590,20170630
119423,두림티앤씨,33330,20170630
557067,동북아27호선박투자회사,89170,20170630
557058,동북아28호선박투자회사,89180,20170630
557030,동북아30호선박투자회사,89200,20170630
557049,동북아29호선박투자회사,89190,20170630
244330,현주컴퓨터,38960,20170630
120100,LG석유화학,12990,20170630
246657,오브제,58680,20170630
130037,휴닉스,9790,20170630
405074,세이프아시아,66330,20170630
398534,코크렙제1호기업구조조정부동산투자회사,67910,20170630
234449,제이엠피,54790,20170630
165200,위너스인프라인,5760,20170630
150183,AP우주통신,15670,20170630
268482,조이토토,44370,20170630
363033,한도하이테크,60660,20170630
364227,에너윈,55970,20170630
458915,유레스메리츠제1호,73470,20170630
386876,교보메리츠퍼스트기업구조조정부동산투자회사,64900,20170630
163044,한일약품공업,3040,20170630
543073,굿앤리치부동산공경매투자회사1호,85450,20170630
160445,한국합섬,25830,20170630
554468,굿앤리치부동산공경매투자회사2호,88510,20170630
165565,디에스피이엔티,16040,20170630
300256,시큐어소프트,37060,20170630
138491,동부일렉트로닉스,1830,20170630
102821,고려시멘트,3660,20170630
377814,베스트플로우,60410,20170630
364670,쿨투,56020,20170630
143013,우영,12460,20170630
263991,모빌링크텔레콤,41310,20170630
105183,극동제혁,10200,20170630
173254,한마음상호저축은행,25450,20170630
101637,그로웰전자,9220,20170630
124513,부흥,3930,20170630
139418,알루코,21570,20170630
154417,퍼시픽글라스,9080,20170630
119362,아이인프라,8780,20170630
140353,씨크롭,16970,20170630
170451,외환신용카드,38400,20170630
267793,삼화기연,33210,20170630
260639,대흥멀티미디어통신,37250,20170630
153852,텔슨정보통신,18180,20170630
248956,비이티,36820,20170630
390028,코오롱인터내셔널,63510,20170630
260888,엔써커뮤니티,37750,20170630
275710,써미트테크놀로지,39000,20170630
172103,코리아이앤디,27440,20170630
263955,트래픽아이티에스,38050,20170630
261601,호성,35870,20170630
265254,넥스텔,37220,20170630
255266,쓰리알,37730,20170630
259916,그로웰텔레콤,35780,20170630
131434,서통,1150,20170630
271352,테크메이트,43690,20170630
244932,한아시스템,36020,20170630
348052,엔에스아이,53250,20170630
367598,케이티씨텔레콤,55810,20170630
267720,신한SIT,54530,20170630
147949,스마텔,4190,20170630
203458,동방라이텍,25690,20170630
130000,아이텍스필,8030,20170630
145534,이수세라믹,32180,20170630
425360,코크렙제2호기업구조조정부동산투자회사,70540,20170630
141334,영풍산업,2850,20170630
384452,모닷텔,48150,20170630
103583,광덕물산,3590,20170630
162142,동원증권,5890,20170630
236021,우주통신,54080,20170630
106483,기라정보통신,19930,20170630
208374,텔슨전자,27350,20170630
309983,하이콤정보통신,48540,20170630
277727,미래에셋굿라이프혼합형자녀를위한펀드5-1,37500,20170630
136217,한메엔에스,6150,20170630
229827,이지클럽,38980,20170630
247902,넷컴스토리지,37010,20170630
318477,모디아,46000,20170630
246815,성진산업,37650,20170630
260921,아이엠아이티,38100,20170630
247762,맥시스템,36880,20170630
350224,슈마일렉트론,56500,20170630
101992,센추리,6750,20170630
151614,베네데스하이텍,9360,20170630
179832,에스오케이,32610,20170630
241120,세원텔레콤,36910,20170630
277985,한강구조조정기금,36060,20170630
325918,케이엔티,36590,20170630
110981,대아리드선,9940,20170630
116499,동신제약,6600,20170630
104467,국민은행,31150,20170630
257361,월드텔레콤,47610,20170630
358730,업필,54370,20170630
248406,화림모드,45920,20170630
348788,디이시스,53200,20170630
110963,대아건설,380,20170630
149840,중앙제지,5600,20170630
267021,창민테크,42960,20170630
330406,씨제이엔터테인먼트,49370,20170630
110079,대백쇼핑,27700,20170630
141440,지니웍스,36600,20170630
135670,신광기업,1580,20170630
144933,유진종합개발,23420,20170630
371139,휘튼,66480,20170630
218654,엠바이엔,31970,20170630
115852,두산건설,2950,20170630
113696,대호,1980,20170630
253514,한신코퍼레이션,37120,20170630
105509,금강화섬,10730,20170630
163178,우리증권,1280,20170630
264185,피코소프트,39580,20170630
265157,바이오시스,35960,20170630
270405,윌텍정보통신,39390,20170630
125406,삼도물산,2930,20170630
258731,현대멀티캡,35910,20170630
822572,씨아이에스,144630,20170630
423609,LG생명과학,68870,20170630
580603,코리아퍼시픽01호선박투자회사,90970,20170630
580612,코리아퍼시픽02호선박투자회사,90980,20170630
317830,신양오라컴디스플레이,86830,20170630
311030,미래에셋증권,37620,20170630
439053,이룸지엔지,50640,20170630
992312,에스와이이노베이션,194860,20170630
580621,코리아퍼시픽03호선박투자회사,90990,20170630
580630,코리아퍼시픽04호선박투자회사,91000,20170630
262123,유아이에너지,50050,20170630
533696,아시아퍼시픽14호선박투자회사,83610,20170630
140362,제이에스전선,5560,20170630
533757,아시아퍼시픽13호선박투자회사,83600,20170630
533580,아시아퍼시픽10호선박투자회사,83570,20170630
1041217,현대에이블기업인수목적1호,204760,20170630
533793,아시아퍼시픽11호선박투자회사,83580,20170630
533836,아시아퍼시픽12호선박투자회사,83590,20170630
144766,호반산업,4320,20170630
525527,실리콘화일,82930,20170630
372989,비엔씨컴퍼니,58370,20170630
529523,동북아11호선박투자회사,83360,20170630
526474,동북아14호선박투자회사,83390,20170630
302801,디아이디,74130,20170630
124018,부산방직공업,25270,20170630
255071,현대에이치씨엔동작방송,34750,20170630
364926,플렉스컴,65270,20170630
350491,웹솔루스,160350,20170630
450214,마이스코,88700,20170630
1022054,솔트웍스,222520,20170630
164955,현대페인트,11720,20170630
790501,한진해운,117930,20170630
272412,글라소울,45050,20170630
207542,팬택자산관리,25930,20170630
394778,케이엔씨글로벌,68150,20170630
446460,아이디에스,78780,20170630
188946,훈영,17170,20170630
137702,한솔아트원제지,7190,20170630
418476,엠제이비,74150,20170630
587101,바다로3호선박투자회사,92630,20170630
351047,아이팩토리,53810,20170630
778040,거북선5호선박투자회사,114130,20170630
778059,거북선6호선박투자회사,114140,20170630
126229,삼성물산,830,20170630
496003,피엘에이,82390,20170630
359030,닉스테크,63840,20170630
510914,아시아퍼시픽9호선박투자회사,81940,20170630
697329,거북선4호선박투자회사,108890,20170630
149664,중앙건설,15110,20170630
318839,미래에셋새천년코리아벤처펀드일호,42950,20170630
130897,하나은행,2860,20170630
183260,에이스하이텍,71930,20170630
246347,태창파로스,39850,20170630
599230,평산차업집단유한공사,950010,20170630
970277,스탠다드펌,179280,20170630
122922,벽산건설,2530,20170630
116860,NH농협증권,16420,20170630
505569,아시아퍼시픽4호선박투자회사,81210,20170630
160612,한화화인케미칼,25850,20170630
659435,정다운,224090,20170630
232317,지오엠씨,33030,20170630
130860,에듀패스,31950,20170630
113632,아이디에이치,26230,20170630
837680,거북선7호선박투자회사,134000,20170630
130815,서울상호저축은행,16560,20170630
248123,와이즈파워,40670,20170630
788807,코크렙제15호기업구조조정부동산투자회사,121550,20170630
270432,티브로드한빛방송,43890,20170630
648697,거북선3호선박투자회사,102000,20170630
165529,동성하이켐,13450,20170630
419989,클루넷,67130,20170630
637114,코리아퍼시픽07호선박투자회사,99210,20170630
361114,씨유전자,56340,20170630
125628,삼목강업,158380,20170630
265227,에스비엠,37630,20170630
267669,솔빛미디어,44440,20170630
693800,에프지엔개발전문자기관리부동산투자회사,119250,20170630
991012,판타지오,187770,20170630
164469,현대하이스코,10520,20170630
586652,거북선1호선박투자회사,92970,20170630
132105,삼양제넥스,3940,20170630
345657,코아에스앤아이,52350,20170630
810531,자원메디칼,181980,20170630
127370,삼우이엠씨,26250,20170630
261124,어울림정보기술,38320,20170630
244729,티브로드도봉강북방송,35210,20170630
138127,티이씨앤코,8900,20170630
156521,화인자산관리,10460,20170630
446831,세실,84450,20170630
127024,삼양엔텍,8720,20170630
120377,로케트전기,420,20170630
136970,신일건업,14350,20170630
148328,제일모직,1300,20170630
842479,퓨얼셀파워,139170,20170630
907660,아루히,950100,20170630
351269,지티앤티,53870,20170630
350251,모아에스앤에스,52880,20170630
206127,어울림엘시스,33280,20170630
846396,이코리아자기관리부동산투자회사,138440,20170630
144155,SK,3600,20170630
678281,에이치앤아이,103650,20170630
314888,디에스,51710,20170630
653990,유니드코리아,110500,20170630
451116,아이레보,72430,20170630
159926,포스코티엠씨,10150,20170630
648688,거북선2호선박투자회사,101380,20170630
512550,아시아퍼시픽5호선박투자회사,82240,20170630
512532,아시아퍼시픽7호선박투자회사,82260,20170630
512541,아시아퍼시픽6호선박투자회사,82250,20170630
907013,한국ANKOR유전,152550,20170630
1047929,에스케이제1호기업인수목적,207930,20171106
1064315,대우기업인수목적3호,215580,20171226
1047567,엔에이치에스엘기업인수목적,207720,20171016
1043871,케이티비기업인수목적1호,204650,20170707
1065536,미래에셋제3호기업인수목적,215750,20180104
636045,넥솔론,110570,20170918
632331,디피앤케이,189700,20171220
974459,비앤에스미디어,156170,20170918
461690,세화피앤씨,85980,20170919
1111057,에스지에이시스템즈,232290,20171222
653112,미래자원엠엘,233190,20171228
823687,웨이포트유한공사,900130,20170725
318538,아스팩오일,232360,20170725
855145,하이골드오션2호선박투자회사,139200,20171127
1046179,골든브릿지제2호기업인수목적,206660,20171020
110495,대성합동지주,5620,20170825
722500,중국원양자원유한공사,900050,20170927
1018167,캐로스,260490,20171129
533678,아시아퍼시픽15호선박투자회사,83620,20170731
1047716,하나머스트3호기업인수목적,208870,20170731
686147,신성에프에이,104120,20171207
686068,신성이엔지,104110,20171208
783246,글로벌에스엠,900070,20170703
800084,씨케이에이치,900120,20170703
163619,한진피앤씨,61460,20170929
967778,나이코,192240,20170630
1038161,대우기업인수목적2호,204440,20170630
267960,에스에스컴텍,36500,20170630
529310,동북아10호선박투자회사,83350,20170630
1080410,골든브릿지제3호기업인수목적,219580,20180207
413824,제이앤유글로벌,86200,20180508
1090301,케이비제8호기업인수목적,222390,20180313
626710,베트남개발1,96300,20180313
1010572,패션플랫폼,256090,20180213
1075047,키움제3호기업인수목적,218710,20180214
612115,유디피,91270,20180418
1089828,유진기업인수목적3호,221200,20180417
799070,이스트아시아홀딩스,900110,20180212
1087079,한화에이스기업인수목적2호,219860,20180302
1072660,엔에이치기업인수목적7호,217810,20180119
1091391,교보5호기업인수목적,223040,20180330
1089961,케이비드림투게더제3호기업인수목적,221950,20180330
1089387,유안타제2호기업인수목적,219960,20180223
1111765,에스엠로보틱스,252940,20180425
1115257,시냅스엠,246830,20180514
408336,인산가,62580,20180911
1109186,동부제4호기업인수목적,230490,20180726
1095892,태경피엔에스,235090,20180801
130949,카카오엠,16170,20180918
202778,썬코어,51170,20180820
1090921,케이엠제약,237720,20180928
1102800,키움제4호기업인수목적,226850,20180605
148717,도레이케미칼,8000,20180810
959265,디와이엘엔제이,207230,20180514
447478,엔에스브이,95300,20180524
163789,심팩메탈,90730,20180717
838421,씨제이이앤엠,130960,20180718
1094565,이베스트기업인수목적3호,225440,20180528
842327,완리인터내셔널홀딩스,900180,20180528
156044,하림홀딩스,24660,20180716
109170,대덕GDS,4130,20181219
207223,위너지스,26260,20181012
454265,스틸플라워,87220,20190213
1170962,GRT,900290,20181122
348177,트레이스,52290,20181011
1111020,케이비제9호기업인수목적,232270,20181012
1117103,하이에이아이1호기업인수목적,235010,20181012
264644,넥스콘테크놀러지,38990,20190227
334244,덴소코리아,47060,20181113
535719,프렉코,82220,20190226
790121,차이나하오란리사이클링유한공사,900090,20190102
960641,한국패러랠,168490,20190116
569992,원익테라세미콘,123100,20190220
1328639,윙입푸드,900340,20181130
925453,나무기술,167380,20181211
263140,루트원플러스,46400,20190128
1130937,한국제4호기업인수목적,240540,20190129
232496,씨그널엔터테인먼트그룹,99830,20190111
1088458,극동자동화,272420,20190212
108047,세원화성,7910,20190226
600013,맵스리얼티1,94800,20190405
268181,에스피컴텍,39110,20190228
609254,세왕,111610,20190329
1117495,에스와이제이,251540,20190402
835734,피엠디아카데미,144740,20190523
1119217,본느,242420,20190521
241236,씨엘인터내셔널,37340,20190508
865382,트러스와이제7호위탁관리부동산투자회사,140890,20190507
149877,중앙바이오텍,15170,20190510
123514,보진재,30950,20190514
1139266,로스웰,900260,20190312
159500,한국종합기술,23350,20191210
105466,KCC건설,21320,20191210
103510,인지컨트롤스,23800,20200114
186799,태웅,44490,20200115
140131,키다리스튜디오,20120,20191209
390365,토비스,51360,20191209
141273,웰바이오텍,10600,20191209
126380,삼성전자,5930,20191209
293886,위닉스,44340,20191209
134723,페이퍼코리아,1020,20191209
208444,피에스케이홀딩스,31980,20191126
1168143,골든센츄리,900280,20190703
225159,S&T홀딩스,36530,20191209
138446,아가방컴퍼니,13990,20191128
540641,동양고속,84670,20191209
1065785,노브메타파마,229500,20191209
125965,삼본전자,111870,20191209
815369,에스제이엠,123700,20191210
440712,WI,73570,20191210
1018954,제이에스피브이,250300,20191210
102113,경인양행,12610,20191210
192499,팜스토리,27710,20191210
204208,마니커,27740,20191210
418379,자연과환경,43910,20191210
153375,태광,23160,20191211
124726,빙그레,5180,20191211
393469,녹원씨엔아이,65560,20191211
149804,대유에이텍,2880,20191212
305297,코텍,52330,20191202
1169434,오가닉티코스메틱,900300,20190923
1109122,스템랩,258540,20191212
910840,윈하이텍,192390,20191212
453929,메디포스트,78160,20191209
121969,에쓰씨엔지니어링,23960,20191209
136402,신송홀딩스,6880,20191209
132318,성광벤드,14620,20191209
620558,에이비프로바이오,195990,20191209
360142,아이마켓코리아,122900,20191230
921475,자비스,230400,20191115
110608,DSR,155660,20191217
157681,롯데정밀화학,4000,20200102
351630,세코닉스,53450,20200102
117300,TCC스틸,2710,20200103
1049422,썸에이지,208640,20200103
1199985,미래에셋대우기업인수목적1호,265480,20200103
112819,데코앤이,17680,20200103
146861,자화전자,33240,20200107
126308,삼성엔지니어링,28050,20200107
535375,키네마스터,139670,20191129
1065013,우정바이오,215380,20191203
619020,세종머티리얼즈,135270,20191002
1179839,신한제3호기업인수목적,257730,20191001
260383,대한유화,6650,20191129
311270,원텍,216280,20191129
137012,에스앤더블류,103230,20191129
990563,피엔아이컴퍼니,242350,20191129
257732,한국정밀기계,101680,20191129
378628,KH바텍,60720,20200107
105952,LS,6260,20200114
628189,웅진씽크빅,95720,20200114
175173,오스템,31510,20191211
132992,성우하이텍,15750,20191211
633835,한진중공업,97230,20191211
357740,NHN한국사이버결제,60250,20191202
145163,파미셀,5690,20191202
203023,시노펙스,25320,20191202
156150,하이트론씨스템즈,19490,20191213
1095397,줌인터넷,229480,20190610
1051339,한국비엔씨,226610,20191203
492353,파이오링크,170790,20191203
205003,좋은사람들,33340,20191203
157636,케이피에프,24880,20200109
159564,한국주강,25890,20191204
118521,진원생명과학,11000,20191206
1113277,인프라웨어테크놀러지,247300,20191206
1197428,한화에이스기업인수목적3호,264290,20191206
159023,SK텔레콤,17670,20200109
155151,평화정공,43370,20191206
269241,주연테크,44380,20191209
127255,삼영화학공업,3720,20191209
261443,엔씨소프트,36570,20191209
158909,하나은행,4940,20200113
609634,아이엠,101390,20200113
618410,상상인인더스트리,101000,20200114
111014,애큐온저축은행,7640,20200114
117267,동양생명,82640,20200114
142713,형지I&C,11080,20200114
153861,태영건설,9410,20200114
252755,씨앤케이인터내셔널,39530,20190718
216647,원익홀딩스,30530,20191217
468374,원익QnC,74600,20191218
104698,LS네트웍스,680,20191128
363510,이그잭스,60230,20191128
878517,에스케이씨에스,224020,20191128
1023822,메디젠휴먼케어,236340,20191128
753643,컨버즈,109070,20191128
165680,호텔신라,8770,20200117
983040,한진칼,180640,20191129
923792,내츄럴엔도텍,168330,20191203
136642,엠벤처투자,19590,20191220
127954,CJ프레시웨이,51500,20191220
764807,골프존데카,183410,20191210
145446,이건산업,8250,20191210
1097906,이엑스티,226360,20191210
181943,에스제이엠홀딩스,25530,20191210
134477,S&T중공업,3570,20191210
1246742,테크트랜스,258050,20191210
530121,디에스케이,109740,20191210
260392,대원전선,6340,20191210
129642,상신브레이크,41650,20191211
111874,대원산업,5710,20191211
356370,LG생활건강,51900,20191224
328191,케이에스피,73010,20191224
359580,아이디스홀딩스,54800,20191226
270113,멕아이씨에스,58110,20200106
117188,효성,4800,20200106
140964,영원무역홀딩스,9970,20191226
1181940,아이엘사이언스,122050,20191227
911229,라온테크,232680,20191227
858364,BNK금융지주,138930,20200113
573579,평화산업,90080,20191227
155124,평화홀딩스,10770,20191227
129509,한익스프레스,14130,20191227
364467,드림어스컴퍼니,60570,20191230
133812,세방,4360,20191230
113562,롯데손해보험,400,20200103
525934,실리콘웍스,108320,20200106
244419,디에스티,33430,20191115
149646,기업은행,24110,20200108
148896,OCI,10060,20200110
102858,고려아연,10130,20200110
150244,하이트진로,80,20200107
115977,아이에스동서,10780,20200107
344287,두산인프라코어,42670,20200108
130772,SBS,34120,20200109
155319,포스코,5490,20200113
129280,삼화전자공업,11230,20191126
117629,동양철관,8970,20191128
267906,베뉴지,19010,20191128
580180,포인트엔지니어링,176560,20190716
163691,유수홀딩스,700,20191202
929228,엔에스컴퍼니,224760,20191202
153755,태양금속공업,4100,20191202
353878,다스코,58730,20191204
1187175,라이프사이언스테크놀로지,285770,20191204
107613,이수페타시스,7660,20191204
159342,한국정보통신,25770,20191205
1112889,피엔에이치테크,239890,20191205
126487,F&F,7700,20191205
127802,삼익THK,4380,20191205
563837,제로투세븐,159580,20191205
149947,JW중외제약,1060,20191205
151128,모토닉,9680,20191206
503668,LIG넥스원,79550,20200114
145190,유화증권,3460,20191206
141307,영풍,670,20191206
112970,대한방직,1070,20191206
362858,예스24,53280,20191206
117744,메리츠화재,60,20200114
473400,한컴지엠디,77280,20200116
809429,한일진공,123840,20191206
117708,리드코프,12700,20191206
406727,세진티에스,67770,20191206
146436,엔브이에이치코리아,67570,20191205
121534,MH에탄올,23150,20191206
351092,삼보모터스,53700,20191206
125822,삼보산업,9620,20191206
121686,엠케이전자,33160,20191210
111704,대우조선해양,42660,20200103
111218,KD,44180,20191210
536541,에코프로,86520,20191210
296324,큐로홀딩스,51780,20191210
151605,청보산업,13720,20191210
553025,데이터스트림즈,199150,20191210
141246,이테크건설,16250,20191211
187415,코미팜,41960,20191211
353018,슈펙스비앤피,58530,20191212
549891,케어젠,214370,20191212
227333,네패스,33640,20191205
173999,유성티엔에스,24800,20191205
393618,제노텍,66830,20200116
125938,삼보판지,23600,20191212
157991,한국석유공업,4090,20191213
611912,아모그린텍,125210,20191226
369569,휘닉스소재,50090,20191226
309503,한국항공우주,47810,20191226
152437,케이프,64820,20191226
1136001,나노브릭,286750,20191205
126478,삼성중공업,10140,20191226
105299,금강공업,14280,20191226
133876,세보엠이씨,11560,20191226
101044,에이프로젠제약,3060,20191231
360595,현대글로비스,86280,20191231
688996,KB금융,105560,20191226
100717,아이이,23430,20191120
106669,세아베스틸,1430,20200114
828789,대성산업,128820,20191202
157070,한국단자공업,25540,20191202
114765,케이비아이동국실업,1620,20191203
138792,아시아나항공,20560,20200114
547583,하나금융지주,86790,20200114
860332,메리츠금융지주,138040,20200114
483735,해성옵틱스,76610,20191203
261285,한국가스공사,36460,20200109
105138,파라텍,33540,20200117
120021,LG,3550,20200114
503899,사조해표,79660,20190626
200275,YTN,40300,20191209
116268,동성제약,2210,20191209
138367,플레이위드,23770,20191209
412348,엘비세미콘,61970,20191209
1109715,DSC인베스트먼트,241520,20191209
141529,오뚜기,7310,20191209
134565,이스타코,15020,20191209
204262,한글과컴퓨터,30520,20200103
167192,넥센,5720,20191211
117027,알루코,1780,20191211
295857,코다코,46070,20191211
264787,럭슬,33600,20191211
1090471,씨아이에스,222080,20191211
145598,이연제약,102460,20191211
155948,코웰패션,33290,20191212
405959,스타플렉스,115570,20191212
562360,에스맥,97780,20191213
186939,특수건설,26150,20191213
228350,신화인터텍,56700,20191213
113234,대한제당,1790,20191127
105040,뉴인텍,12340,20200110
442835,메타랩스,90370,20191202
141608,오리엔탈정공,14940,20191204
133317,에스티씨라이프,26220,20190906
206686,케이피엠테크,42040,20191202
442561,에프알텍,73540,20191202
147082,재영솔루텍,49630,20191203
426068,아이에스이커머스,69920,20191204
127042,삼양통상,2170,20191204
140052,에이스침대,3800,20191204
101549,경동제약,11040,20191204
855093,선진,136490,20191204
177870,대창솔루션,96350,20191204
113492,깨끗한나라,4540,20191204
318662,포스링크,56730,20191204
1018802,엔솔바이오사이언스,140610,20191224
139153,에코플라스틱,38110,20191224
346407,큐로컴,40350,20191205
165060,하이록코리아,13030,20191219
261887,티엘아이,62860,20191216
166519,화천기공,850,20191217
311216,에이치엔에스하이텍,44990,20191126
144243,유니슨,18000,20200109
145880,현대제철,4020,20200113
1201581,한화수성기업인수목적,265920,20200115
200956,현대정보기술,26180,20190717
274933,신세계푸드,31440,20191127
135962,신라교역,4970,20191219
372882,KTcs,58850,20191220
125743,현대비앤지스틸,4560,20191128
1111570,에스케이제3호기업인수목적,232330,20190830
800145,서진오토모티브,122690,20191224
820389,뉴지랩,214870,20191206
349732,코나아이,52400,20191206
1064069,토박스코리아,215480,20191226
155531,풍산홀딩스,5810,20191226
684714,풍산,103140,20191226
605124,알파홀딩스,117670,20191206
131896,선광,3100,20191206
305570,서울리거,43710,20191206
1113781,영현무역,242850,20190827
1212383,엔케이맥스,262760,20190704
365758,아이앤씨,52860,20191230
252135,주성엔지니어링,36930,20191209
127167,삼영무역,2810,20191213
153524,태림포장,11280,20200106
128661,에스에이엠티,31330,20200106
266934,파루,43200,20191231
143907,원일특강,12620,20191216
409681,아스트,67390,20191217
554024,셀트리온헬스케어,91990,20200102
144395,동서,26960,20191217
128315,삼지전자,37460,20191218
238782,다우데이타,32190,20200107
128412,삼진제약,5500,20191219
475985,시너지이노베이션,48870,20191220
1117592,인터코스,240340,20191126
1063556,질경이,233990,20191128
1028164,광주은행,192530,20200108
267881,보성파워텍,6910,20191226
513948,녹십자엠에스,142280,20191226
129679,녹십자,6280,20191226
138297,STX,11810,20191209
108038,엔피씨,4250,20191210
110431,JW신약,67290,20191210
132804,성신양회,4980,20191211
126362,삼성SDI,6400,20200106
120076,LG상사,1120,20200108
178790,동양이엔피,79960,20191212
1008762,데브시스터즈,194480,20191212
476498,컴투스,78340,20191216
1194759,대신밸런스제4호기업인수목적,262830,20191010
172079,파나진,46210,20200109
165583,E1,17940,20200109
653194,에이프로젠 H&G,109960,20200109
118451,동일제강,2690,20200224
125646,삼목에스폼,18310,20200224
119140,핸즈코퍼레이션,143210,20200224
1261893,케이씨텍,281820,20200224
926522,테고사이언스,191420,20200224
494218,엘엠에스,73110,20200224
1396676,미래에셋대우스팩4호,333430,20200226
829380,피제이메탈,128660,20200217
1186811,TS트릴리온,284610,20200226
964595,엔바이오니아,317870,20200218
606293,나이스디앤비,130580,20200224
654175,마이크로프랜드,147760,20200224
1267958,프로테옴텍,303360,20200224
107303,피엔에스커튼월,33220,20200224
1159853,휴온스,243070,20200224
351807,대원미디어,48910,20200219
657756,지오씨,135160,20200226
138516,아남전자,8700,20200226
664288,스페이스솔루션,245030,20200224
231354,파워넷,37030,20200224
166175,대호피앤씨,21040,20200224
409672,티비에이치글로벌,84870,20200224
230425,나노엔텍,39860,20200225
423690,삼성출판사,68290,20200225
472890,동국알앤에스,75970,20200224
481223,넥스피안,79560,20200224
240857,바이오스마트,38460,20200224
1414370,하이제5호스팩,340120,20200224
265005,옴니시스템,57540,20200224
175650,케이씨더블류,68060,20200224
131328,서주산업개발,16140,20200224
138242,쌍용자동차,3620,20200121
260879,카페24,42000,20200224
614089,에이원알폼,234070,20200224
1069736,한독크린텍,256150,20200218
1117422,나눔테크,244880,20200218
106368,금호석유화학,11780,20200128
145109,유한양행,100,20200224
131939,선도전기,7610,20200219
330044,캠시스,50110,20200225
101664,경보제약,214390,20200224
276834,KMH하이텍,52900,20200225
385363,빅텍,65450,20200219
1158632,진코스텍,250030,20200225
189538,피델릭스,32580,20200224
491053,진바이오텍,86060,20200218
356389,프럼파스트,35200,20200218
303396,한국컴퓨터,54040,20200224
614593,넥스트아이,137940,20200225
797364,KC코트렐,119650,20200225
1363924,한국미라클피플사,331660,20200218
1398151,교보9호스팩,331520,20200206
218575,황금에스티,32560,20200224
842619,레고켐바이오,141080,20200224
416654,유엔젤,72130,20200219
123523,창해에탄올,4650,20200226
541163,이엠텍,91120,20200218
361381,제이브이엠,54950,20200224
118044,동원수산,30720,20200224
220686,에스피지,58610,20200224
106881,인디에프,14990,20200224
1037542,바이옵트로,222160,20200225
244783,한네트,52600,20200224
855163,미원화학,134380,20200210
654272,램테크놀러지,171010,20200212
972293,파멥신,208340,20200224
524786,비엠티,86670,20200225
127200,삼영전자공업,5680,20200225
838005,서진시스템,178320,20200219
441650,케이씨에스,115500,20200224
398668,휴비츠,65510,20200224
606664,케이엔더블유,105330,20200224
133511,SG세계물산,4060,20200224
167004,흥구석유,24060,20200211
1119651,엘리비젼,276240,20200212
269922,인바디,41830,20200225
493510,뉴프렉스,85670,20200225
109268,대동스틸,48470,20200219
1011438,에이치엘사이언스,239610,20200226
599489,청광건설,140290,20200218
1276901,삼성스팩2호,291230,20200218
1309388,티라유텍,322180,20200218
1251489,라온피플,300120,20200218
216498,성도이엔지,37350,20200218
1416457,하나금융15호스팩,341160,20200218
458234,아시아나IDT,267850,20200224
497631,티플랙스,81150,20200224
1113499,시큐센,232830,20200217
638539,뉴로스,126870,20200224
365457,제이티,89790,20200224
872850,비지스틸,179440,20200207
869272,서전기전,189860,20200224
295547,디지아이,43360,20200224
592653,유비벨록스,89850,20200225
493185,제이스텍,90470,20200219
1246034,네오펙트,290660,20200226
146296,일신석재,7110,20200217
115472,미주제강,2670,20200224
416414,넥스턴,89140,20200226
340096,미래에셋벤처투자,100790,20200218
352499,링네트,42500,20200218
148948,조비,1550,20200224
537832,푸른기술,94940,20200224
1222432,에스제이그룹,306040,20200212
156910,SBI인베스트먼트,19550,20200224
1116344,이비테크,208850,20200219
1035289,모두투어리츠,204210,20200219
910947,바다로19호,155900,20200226
646732,진양홀딩스,100250,20200224
761059,펌텍코리아,251970,20200224
198378,녹십자셀,31390,20200226
1124680,보라티알,250000,20200218
138206,쌍용건설,12650,20200218
957735,클리오,237880,20200218
407975,엔터미디어,68420,20200224
579980,아이티엠반도체,84850,20200224
296078,APS홀딩스,54620,20200212
159740,KISCO홀딩스,1940,20200224
1138993,원바이오젠,278380,20200224
1137903,디케이티,290550,20200219
405320,웹젠,69080,20200219
1199550,현대에너지솔루션,322000,20200217
1068658,디딤,217620,20200217
347734,진양화학,51630,20200224
608316,대한과학,131220,20200218
991191,앱클론,174900,20200218
249982,솔본,35610,20200224
107066,남광토건,1260,20200224
687711,한국철강,104700,20200224
870861,와이엠씨,155650,20200224
163114,서연,7860,20200225
1181515,엘앤씨바이오,290650,20200225
1108099,현대코퍼레이션홀딩스,227840,20200219
148832,제주은행,6220,20200219
962223,지니언스,263860,20200221
148939,조광피혁,4700,20200224
158963,유나이티드,33270,20200219
580667,S&K폴리텍,91340,20200219
815767,선데이토즈,123420,20200219
1108248,지노믹트리,228760,20200225
160375,진양폴리우레탄,10640,20200225
134963,송원산업,4430,20200225
447928,네오티스,85910,20200225
669450,바이오프로테크,199290,20200225
490151,파트론,91700,20200225
336297,고려신용정보,49720,20200220
121154,엠에스씨,9780,20200220
563545,테스나,131970,20200225
334615,콜마파마,38710,20200225
445869,유니포인트,121060,20200225
521433,엔지브이아이,93510,20200225
398808,디지털대성,68930,20200225
536888,다믈멀티미디어,93640,20200225
137252,사조동아원,8040,20200225
140946,한솔로지스틱스,9180,20200225
101628,경방,50,20200226
113508,노루홀딩스,320,20200226
306454,한국정보인증,53300,20200217
155452,풍국주정,23900,20200220
147222,전방,950,20200220
201733,TJ미디어,32540,20200220
113261,대한광통신,10170,20200220
129387,삼화페인트공업,390,20200225
264228,위즈코프,38620,20200225
414850,효성 ITX,94280,20200225
148531,제일제강,23440,20200225
306162,상상인,38540,20200120
104722,국제약품,2720,20200224
143314,에이엔피,15260,20200130
269612,파워로직스,47310,20200225
1196313,유에스티,263770,20200225
161462,에이티넘인베스트,21080,20200225
133089,성원,15200,20200225
1109070,비피도,238200,20200225
173874,넥센타이어,2350,20200121
1135057,녹십자웰빙,234690,20200217
1182578,대유에이피,290120,20200217
185356,제룡전기,33100,20200220
113191,코리안리,3690,20200131
202839,한창산업,79170,20200220
925967,이엠티,232530,20200123
317681,메타바이오메드,59210,20200225
159971,KC그린홀딩스,9440,20200225
569691,디엔에프,92070,20200225
540571,엘디티,96870,20200225
267942,큐캐피탈,16600,20200226
130408,서산,79650,20200204
453488,세화아이엠씨,145210,20200205
112679,대창단조,15230,20200214
225706,JW생명과학,234080,20200220
146214,일성신약,3120,20200220
207375,대한뉴팜,54670,20200220
929778,세기리텍,199870,20200220
164706,현대약품,4310,20200203
264732,파인디지털,38950,20200203
614478,휴메딕스,200670,20200203
339072,팬스타엔터프라이즈,54300,20200225
1335930,티움바이오,321550,20200221
525864,피앤씨테크,237750,20200221
531917,톱텍,108230,20200128
413046,셀트리온,68270,20200225
321204,관악산업,76340,20200225
1020524,자이글,234920,20200225
832700,에이펙스인텍,207490,20200225
102140,경인전자,9140,20200218
231664,우리기술투자,41190,20200226
788773,씨젠,96530,20200226
136864,신원,9270,20200220
132628,성문전자,14910,20200220
108649,TPC,48770,20200204
1231786,슈프리마아이디,317770,20200214
531829,엠아이텍,179290,20200214
548519,에스엔피제네틱스,86460,20200203
206039,경남스틸,39240,20200225
442154,제이엔케이히터,126880,20200225
246620,케이엘넷,39420,20200226
1187148,케어랩스,263700,20200206
516246,알에프세미,96610,20200217
352000,하우리,49130,20200220
109781,대림제지,17650,20200220
506294,가비아,79940,20200224
607797,엄지하우스,224810,20200225
867098,티로보틱스,117730,20200225
823429,한국화장품,123690,20200225
250997,대정화금,120240,20200225
536286,윈팩,97800,20200225
1390399,미래에셋대우스팩3호,328380,20200225
250137,전파기지국,65530,20200217
486097,나스미디어,89600,20200219
1325429,네온테크,306620,20200220
554352,아이큐어,175250,20200220
1035942,메디안디노스틱,233250,20200220
122551,백산,35150,20200214
201742,유라테크,48430,20200225
353610,이니텍,53350,20200225
109453,STX조선해양,67250,20200225
170558,코웨이,21240,20200221
428321,해태제과식품,101530,20200213
560982,바이오솔루션,86820,20200225
914040,씨엠에스에듀,225330,20200225
545734,아미코젠,92040,20200225
332927,제이에스코퍼레이션,194370,20200225
560849,에스앤디,260970,20200225
989619,알테오젠,196170,20200217
140168,지투알,35000,20200225
609324,뷰웍스,100120,20200225
138057,써니전자,4770,20200225
158219,시그네틱스,33170,20200225
151298,DSR제강,69730,20200225
576789,디젠스,113810,20200217
899459,레이언스,228850,20200217
917861,슈피겐코리아,192440,20200217
410915,서울옥션,63170,20200220
1109955,링크제니시스,219420,20200220
1316227,효성티앤씨,298020,20200225
1211232,코윈테크,282880,20200214
541349,셀트리온제약,68760,20200225
264255,바텍,43150,20200225
617314,타이거일렉,219130,20200225
449254,쎄트렉아이,99320,20200225
598198,컴퍼니케이,307930,20200225
858124,알에스오토메이션,140670,20200217
1222867,제테마,216080,20200220
172936,동일산업,4890,20200225
132725,성보화학,3080,20200214
231363,LG유플러스,32640,20200225
201131,아즈텍WB,32080,20200225
296263,YW,51390,20200225
675594,디티앤씨,187220,20200225
1203808,AP시스템,265520,20200225
626464,지엔씨에너지,119850,20200225
101488,경동나비엔,9450,20200226
1076550,주노콜렉션,221670,20200217
225742,KT서브마린,60370,20200217
155638,피에스텍,2230,20200217
527880,썬테크놀로지스,122800,20200212
977641,하이로닉,149980,20200225
1190513,명진홀딩스,267060,20200225
385336,홈캐스트,64240,20200225
161709,퍼시스,16800,20200225
231044,우리기술,32820,20200217
450995,대모,317850,20200224
962922,팬젠,222110,20200224
1116274,엠앤씨생명과학,225860,20200212
256380,유아이엘,49520,20200213
219848,서희건설,35890,20200225
897752,천보,278280,20200225
291231,우전,52270,20200225
389110,지어소프트,51160,20200225
118026,동원산업,6040,20200225
360577,엑사이엔씨,54940,20200225
178851,동양에스텍,60380,20200226
167031,흥국,10240,20200217
127857,삼익악기,2450,20200220
111421,휴니드테크놀러지스,5870,20200220
1384477,신한제5호스팩,323230,20200213
1085442,휴벡셀,212310,20200214
861720,이즈미디어,181340,20200218
1335453,삼성머스트스팩3호,309930,20200218
219440,휴맥스홀딩스,28080,20200218
605328,씨앤지하이테크,264660,20200225
137207,유니켐,11330,20200225
351995,지에스이,53050,20200225
242712,엘컴텍,37950,20200225
163196,한일철강,2220,20200225
140779,영보화학,14440,20200226
101433,경농,2100,20200226
301112,삼화네트웍스,46390,20200226
111227,대양제지,6580,20200226
131692,서흥,8490,20200220
129271,삼화전기,9470,20200220
883980,아이디스,143160,20200224
106456,지앤엘,14590,20200214
162072,한신기계공업,11700,20200226
370918,케이디켐,221980,20200226
863038,윌링스,313760,20200226
145260,율촌화학,8730,20200221
671376,티웨이항공,91810,20200224
1203507,에스엠비나,299670,20200224
1071944,미래생명자원,218150,20200224
1336443,한국제8호스팩,310870,20200226
131504,서한,11370,20200226
533508,제이엠티,94970,20200226
222435,제이엠아이,33050,20200226
1337114,구스앤홈,329050,20200226
819374,나무가,190510,20200226
491336,잘만테크,90120,20200226
787057,휴맥스,115160,20200218
403766,피피아이,62970,20200221
188797,포메탈,119500,20200221
111193,대양전기공업,108380,20200226
238153,파세코,37070,20200224
1078178,RFHIC,218410,20200226
409140,이원컴포텍,88290,20200226
128227,삼정펄프,9770,20200226
1276327,위지윅스튜디오,299900,20200226
150536,진양제약,7370,20200226
1093007,LS전선아시아,229640,20200221
1095704,케이엠제약,225430,20200210
298340,에스티아이,39440,20200219
180795,인팩,23810,20200221
148993,하이트진로홀딩스,140,20200122
1063990,로보로보,215100,20200221
807555,메가엠디,133750,20200221
545114,랩지노믹스,84650,20200226
1101041,패션플랫폼,225590,20200226
199076,동일기연,32960,20200226
130046,다함이텍,9280,20200224
1235296,셀리드,299660,20200210
366845,탑엔지니어링,65130,20200221
471068,덕산하이메탈,77360,20200221
463342,에스텍파마,41910,20200221
410997,누리플랜,69140,20200221
226866,인탑스,49070,20200226
105961,LG이노텍,11070,20200122
1011562,우성아이비,194610,20200224
397191,팬엔터테인먼트,68050,20200226
543107,오킨스전자,80580,20200226
404701,한국자산신탁,123890,20200212
340272,에스폴리텍,50760,20200221
1276026,지놈앤컴퍼니,314130,20200206
871833,에스티팜,237690,20200221
965813,미투온,201490,20200221
1077577,우리산업,215360,20200210
117638,동양텔레콤,7150,20200226
99999999,금감원(테스트),999980,20200129
149594,한국캐피탈,23760,20200203
248053,지에스엔텍,37640,20200226
574611,SDN,99220,20200226
144164,SK가스,18670,20200226
105475,금강철강,53260,20200226
613318,와이지엔터테인먼트,122870,20200221
173102,모나리자,12690,20200221
110060,대백저축은행,26970,20200221
1013311,민앤지,214180,20200207
977377,에이비온,203400,20200207
104999,윌비스,8600,20200221
117337,동양,1520,20200226
485177,일진파워,94820,20200226
1267222,캐리소프트,317530,20200226
788737,이퓨쳐,134060,20200226
983934,아이스크림에듀,289010,20200226
124805,푸른저축은행,7330,20200224
1027794,브이원텍,251630,20200221
1393721,유진스팩5호,331380,20200221
1124653,슈프리마,236200,20200221
166528,서암기계공업,100660,20200205
1359736,유진스팩4호,321260,20200217
162911,한일사료,5860,20200226
521390,뉴파워프라즈마,144960,20200226
599285,서플러스글로벌,140070,20200226
155212,포스코 ICT,22100,20200226
1251595,압타바이오,293780,20200213
161383,한미반도체,42700,20200219
165343,혜인,3010,20200221
1014055,에스트래픽,234300,20200226
180263,리더스코스메틱,16100,20200226
144012,원풍,8370,20200226
541862,판도라티비,202960,20200226
1366000,신영스팩5호,323280,20200226
231105,동성화인텍,33500,20200226
309831,알에프텍,61040,20200226
137359,신풍제약,19170,20200214
141404,영풍제지,6740,20200214
663669,우노앤컴퍼니,114630,20200214
149266,CNH,23460,20200221
135777,신대양제지,16590,20200221
164618,현대사료,16790,20200221
442631,태양기계,116100,20200226
444329,위메이드,112040,20200226
651017,나우IB,293580,20200226
571298,덕우전자,263600,20200213
351418,코리아오토글라스,152330,20200226
966168,디알젬,263690,20200218
144818,유유제약,220,20200226
364306,성우전자,81580,20200226
1364297,DB금융스팩7호,322780,20200226
526696,웨이브일렉트로,95270,20200214
1353024,하이제4호스팩,317240,20200219
187725,코콤,15710,20200225
861076,케이탑리츠,145270,20200221
351579,SGA,49470,20200221
124276,부스타,8470,20200221
372253,연우,115960,20200221
971726,옵티팜,153710,20200211
101336,경남에너지,8020,20200226
1419986,신영스팩6호,344050,20200226
612489,아이쓰리시스템,214430,20200214
1046708,바디텍메드,206640,20200226
350482,성우테크론,45300,20200226
959229,세종메디칼,258830,20200217
624998,제닉,123330,20200219
173069,아진카인텍,11400,20200225
988364,SGA솔루션즈,184230,20200221
158325,NICE평가정보,30190,20200221
159175,한국전기초자,9720,20200221
1179617,한국비엔씨,256840,20200221
137289,이라이콤,41520,20200226
152862,코오롱,2020,20200226
229021,인성정보,33230,20200226
530556,예스티,122640,20200226
181934,포스코플랜텍,51310,20200220
498001,모베이스,101330,20200220
1329957,대신밸런스제6호스팩,307750,20200226
1113718,올릭스,226950,20200226
112022,대원화성,24890,20200226
585608,다나와,119860,20200219
128111,포스코엠텍,9520,20200225
405719,아이크래프트,52460,20200221
116408,동신건설,25950,20200214
867973,서남,294630,20200226
1046391,싸이토젠,217330,20200220
864338,웹스,196700,20200226
562245,태웅로직스,124560,20200226
550082,빅텐츠,210120,20200221
656289,코스맥스엔비티,222040,20200221
429694,파버나인,177830,20200226
317104,라이온켐텍,171120,20200226
1267684,쿠쿠홈시스,284740,20200226
961774,유티아이,179900,20200226
616962,린드먼아시아,277070,20200225
579139,한국맥널티,222980,20200221
363927,NE능률,53290,20200221
580065,월덱스,101160,20200226
915508,알엔투테크놀로지,148250,20200226
825223,화신정공,126640,20200226
1277928,한국제7호스팩,291210,20200226
113128,대한약품,23910,20200226
108746,큐로,15590,20200226
632304,JW홀딩스,96760,20200220
414540,대주이엔티,114920,20200220
1344336,신테카바이오,226330,20200221
108001,남화토건,91590,20200221
992871,종근당,185750,20200226
1116380,씨앤에스링크,245450,20200214
681249,씨유메디칼,115480,20200227
450931,우양에이치씨,101970,20200227
544577,에이피티씨,89970,20200228
138190,GS글로벌,1250,20200228
301422,우수AMS,66590,20200228
1089378,MP한강,219550,20200226
1390876,상상인이안제2호스팩,329560,20200226
1167056,샘표식품,248170,20200227
766106,트루윈,105550,20200227
828761,레이,228670,20200227
122472,백광산업,1340,20200227
408266,유니온커뮤니티,203450,20200228
404288,아진엑스텍,59120,20200226
474588,한중엔시에스,107640,20200227
1326260,하나머스트제6호스팩,307160,20200227
631837,안트로젠,65660,20200227
160418,한국프랜지공업,10100,20200227
1223219,에이에프더블류,312610,20200227
866062,엘티씨,170920,20200227
111838,대원,7680,20200227
335076,오픈베이스,49480,20200227
1405585,IBKS제12호스팩,335870,20200227
1182550,EDGC,245620,20200228
117966,동원개발,13120,20200226
415868,펩트론,87010,20200227
578325,럭스피아,92590,20200227
365934,코세스,89890,20200227
130091,샘표,7540,20200227
228712,동우팜투테이블,88910,20200227
131197,서원,21050,20200227
1188730,시그넷이브이,260870,20200227
353230,프리젠,60910,20200227
676122,지디,155960,20200227
807397,코이즈,121850,20200228
359261,빛샘전자,72950,20200226
1042711,글로벌텍스프리,204620,20200226
154329,태평양물산,7980,20200226
1063963,유쎌,252370,20200227
303703,CS,65770,20200227
409964,하이텍팜,106190,20200227
156354,지엠비코리아,13870,20200227
177199,디씨엠,24090,20200227
129235,삼화왕관,4450,20200227
415327,중앙백신,72020,20200227
250614,삼영엠텍,54540,20200228
659161,싸이맥스,160980,20200228
265421,인지디스플레,37330,20200228
1047415,정다운,208140,20200228
162416,한양증권,1750,20200228
162063,한신공영,4960,20200226
161116,한라,14790,20200226
199988,동아화성,41930,20200227
1098792,본느,226340,20200227
1190780,파워풀엑스,266870,20200227
127936,삼일기업공사,2290,20200227
111458,대영포장,14160,20200227
983916,제노포커스,187420,20200227
938721,필옵틱스,161580,20200227
148920,조광페인트,4910,20200227
307189,SKC 솔믹스,57500,20200227
280688,SBS콘텐츠허브,46140,20200227
1256864,에이비엘바이오,298380,20200228
116806,동아,12760,20200228
374020,이엘피,63760,20200228
1089350,켐트로스,220260,20200228
413417,우리손에프앤지,73560,20200228
145552,이수화학,5950,20200228
540340,코리아센터,290510,20200228
146454,일양약품,7570,20200228
564562,엠씨넥스,97520,20200226
112004,알바이오,3190,20200226
656340,소프트캠프,210610,20200227
989664,코아스템,166480,20200227
397058,엠게임,58630,20200227
888347,휴젤,145020,20200227
446479,신비앤텍,70480,20200227
377610,세아홀딩스,58650,20200227
599595,코프라,126600,20200228
239639,삼표시멘트,38500,20200228
874803,AP위성,211270,20200226
306870,손오공,66910,20200226
153278,서연탑메탈,19770,20200226
976615,틸론,217880,20200226
298377,아이씨디,40910,20200226
1227039,브릿지바이오,288330,20200226
1029394,에코마케팅,230360,20200227
1074862,메가스터디교육,215200,20200227
524421,테스,95610,20200227
1325979,세아제강,306200,20200227
155355,풀무원,17810,20200227
536523,로보스타,90360,20200227
152880,코오롱글로벌,3070,20200227
1119387,이에스산업,241510,20200228
115287,동방,4140,20200226
814810,엠에프엠코리아,251960,20200227
160010,한국큐빅,21650,20200227
154055,태원물산,1420,20200227
111689,대우부품,9320,20200227
122056,미창석유공업,3650,20200227
466428,아미노로직스,74430,20200227
1234297,미원에스씨,268280,20200227
1058101,라파스,214260,20200228
438036,팅크웨어,84730,20200226
990262,피노텍,150440,20200227
139719,와이지-원,19210,20200227
490179,플랜티넷,75130,20200227
868705,윈스,136540,20200227
206659,이랜텍,54210,20200227
231831,조아제약,34940,20200227
991225,더콘텐츠온,302920,20200227
172291,더존비즈온,12510,20200227
114686,동구바이오제약,6620,20200228
769158,케이엔제이,272110,20200228
632793,전진바이오팜,110020,20200226
303794,쇼박스,86980,20200226
133715,대주코레스,8340,20200227
166272,화승알앤에이,13520,20200227
139083,아진산업,13310,20200227
261054,EG,37370,20200227
150633,지누스,13890,20200227
651901,에어부산,298690,20200227
486370,성창오토텍,80470,20200227
1082348,오스테오닉,226400,20200227
163345,DB,12030,20200227
1163050,다이오진,271850,20200227
653024,진에어,272450,20200228
239514,삼진엘앤디,54090,20200227
141626,오리엔트바이오,2630,20200227
1169267,세화피앤씨,252500,20200227
397289,오텍,67170,20200227
807379,신흥에스이씨,243840,20200227
1199189,이랜시스,264850,20200227
525882,청담러닝,96240,20200227
561866,락앤락,115390,20200228
1267602,유안타제3호스팩,287410,20200228
148504,한국스탠다드차타드은행,110,20200228
813389,베셀,177350,20200227
861997,인포마크,175140,20200227
681373,디지캡,197140,20200227
109754,대림비앤코,5750,20200227
231442,디지틀조선,33130,20200227
1194892,알로이스,271400,20200227
671978,그리티,204020,20200227
583442,노루페인트,90350,20200228
1416642,유안타제6호스팩,340360,20200228
364740,머큐리,100590,20200226
165103,푸드웰,5670,20200226
362159,웰크론,65950,20200226
177816,대주전자재료,78600,20200226
573269,에스코넥,96630,20200227
1418543,케이비제20호스팩,342550,20200227
945457,아이진,185490,20200227
1344363,다원넥스뷰,323350,20200227
535676,테크윙,89030,20200227
531014,유진테크,84370,20200227
103042,케이씨티시,9070,20200227
366517,KC산업,112190,20200228
103644,비츠로테크,42370,20200228
154718,비츠로셀,82920,20200228
264945,나이스정보통신,36800,20200228
1366365,이베스트이안스팩1호,323210,20200228
487546,웰크론한텍,76080,20200226
456218,모두투어,80160,20200227
411446,큐에스아이,66310,20200227
756163,볼빅,206950,20200227
122728,범양사,2480,20200227
763358,쎄미시스코,136510,20200227
273420,이스트소프트,47560,20200227
243757,인포뱅크,39290,20200227
170877,진로발효,18120,20200227
132637,동원시스템즈,14820,20200227
462121,이노와이어리스,73490,20200227
1358463,엔에이치스팩14호,319400,20200227
231707,비트컴퓨터,32850,20200227
1101722,한송네오텍,226440,20200228
890388,지성이씨에스,138290,20200228
857727,하림,136480,20200228
152783,코메론,49430,20200227
580056,스맥,99440,20200227
105244,알보젠코리아,2250,20200227
252269,아이에이,38880,20200227
154426,아이에이치큐,3560,20200227
1051092,피씨엘,241820,20200227
532855,한국유니온제약,80720,20200227
156600,한주금속,198940,20200227
112651,대창,12800,20200227
358271,에스에프에이,56190,20200228
384887,에이테크솔루션,71670,20200228
602172,와이엠티,251370,20200228
124027,부산산업,11390,20200226
615723,아이에이네트웍스,123010,20200226
557933,진도,88790,20200226
106119,금양,1570,20200227
329093,코데즈컴바인,47770,20200227
1080687,아우딘퓨쳐스,227610,20200227
876865,네오오토,212560,20200227
1065679,이노인스트루먼트,215790,20200227
365989,용평리조트,70960,20200227
117601,유안타증권,3470,20200512
872984,이마트,139480,20200512
114792,동국제강,1230,20200512
252001,해원에스티,58480,20200228
100957,건영,12720,20200228
162780,한일건설,6440,20200228
142591,셰프라인,12250,20200228
458562,에이티세미콘,89530,20200228
112721,대창스틸,140520,20200512
479705,EMW,79190,20200512
174208,진성티이씨,36890,20200512
163673,한진중공업홀딩스,3480,20200512
266961,NAVER,35420,20200512
454946,그린케미칼,83420,20200227
1310269,HDC현대산업개발,294870,20200512
120571,롯데칠성음료,5300,20200512
105165,극동전선,6250,20200512
173795,신흥,4080,20200512
374738,위세아이텍,65370,20200228
139764,에넥스,11090,20200228
423177,텔레칩스,54450,20200228
1182444,셀리버리,268600,20200228
222532,LG헬로비전,37560,20200228
236863,희림,37440,20200228
659684,장원테크,174880,20200508
131018,서울제약,18680,20200512
125530,SPC삼립,5610,20200512
135467,승일,49830,20200512
147295,전북은행,6350,20200512
138701,아세아,2030,20200228
1408999,유안타제5호스팩,336060,20200228
115931,디오,39840,20200228
327819,선익시스템,171090,20200228
138260,SIMPAC,9160,20200228
695969,동운아나텍,94170,20200228
256043,비씨월드제약,200780,20200228
879020,유니트론텍,142210,20200228
568188,마이크로컨텍솔,98120,20200408
164779,SK하이닉스,660,20200512
263371,한국경제TV,39340,20200512
160232,KSS해운,44450,20200512
997812,코미코,183300,20200512
186717,태양,53620,20200512
181299,상아프론테크,89980,20200227
122737,팬오션,28670,20200512
1238169,오리온,271560,20200512
104573,국일제지,78130,20200512
118460,태림페이퍼,19300,20200228
770312,마니커에프앤지,195500,20200228
123648,심팩인더스트리,5350,20200228
488989,한양디지텍,78350,20200228
556907,에이스테크,88800,20200303
297934,피씨디렉트,51380,20200303
161408,케이비캐피탈,21960,20200416
164876,케이비증권,3450,20200416
346966,에코솔루션,52510,20200416
109161,태경케미컬,6890,20200417
357430,쎌바이오텍,49960,20200417
163682,메리츠증권,8560,20200417
164672,한일현대시멘트,6390,20200417
491938,GH신소재,130500,20200429
390055,종근당바이오,63160,20200508
974927,NEW,160550,20200512
126937,삼양홀딩스,70,20200512
896285,삼양사,145990,20200512
142883,우신시스템,17370,20200228
876908,모트렉스,118990,20200226
1047840,미스터블루,207760,20200228
1011395,레몬,294140,20200228
222806,에임하이글로벌,43580,20200228
183215,케이디지엠텍,32290,20200228
126779,삼아알미늄,6110,20200309
121941,대상,1680,20200303
1234525,한국제5호기업인수목적,271740,20200303
1158553,켄코아에어로스페이스,274090,20200303
706715,미원홀딩스,107590,20200303
481454,금호타이어,73240,20200417
459871,농심홀딩스,72710,20200227
163318,모헨즈,6920,20200227
104102,우리종금,10050,20200512
137997,현대차증권,1500,20200512
111722,미래에셋대우,6800,20200512
133618,세기상사,2420,20200512
157539,KB오토시스,24120,20200228
389679,해피드림,65180,20200228
256955,테이팩스,55490,20200228
577380,신진에스엠,138070,20200303
111865,미래SCI,28040,20200504
143527,경동인베스트,12320,20200504
129615,상보,27580,20200504
411905,테라셈,182690,20200319
133858,세방전지,4490,20200319
454937,덕신하우징,90410,20200319
1160363,에코프로비엠,247540,20200511
125521,에스엘,5850,20200306
778235,TS인베스트먼트,246690,20200512
535481,에스와이,109610,20200226
268118,코맥스,36690,20200226
529815,오디텍,80520,20200228
1099861,에이텍티앤,224110,20200228
134176,세우글로벌,13000,20200313
261735,위노바,39790,20200316
130587,서울전자통신,27040,20200504
217947,신세계건설,34300,20200504
161781,아난티,25980,20200504
249247,YG PLUS,37270,20200504
184889,이건홀딩스,39020,20200504
194275,코너스톤네트웍스,33110,20200504
526465,동북아13호선박투자회사,83380,20200504
271501,코아시아,45970,20200504
296005,우리로,46970,20200504
867034,듀켐바이오,176750,20200504
1018617,메디쎄이,200580,20200504
355548,한국테크놀로지,53590,20200504
1117246,파인이엠텍,278990,20200504
362292,씨티씨바이오,60590,20200504
318316,대아티아이,45390,20200227
361488,텔코웨어,78000,20200512
1186404,디앤씨미디어,263720,20200228
103662,광명전기,17040,20200228
442826,대봉엘에스,78140,20200228
124577,엠소닉,8120,20200228
407771,듀오백,73190,20200317
152385,에이프로젠 KIC,7460,20200323
122481,태경비케이,14580,20200422
608839,에이루트,96690,20200422
366793,에스제이케이,80440,20200504
755739,파인테크닉스,106240,20200504
1170865,네오셈,253590,20200504
1259232,노바텍,285490,20200504
555740,툴코리아,110660,20200401
379229,에스에이티,60540,20200227
140955,한솔케미칼,14680,20200227
166315,화신,10690,20200420
407285,아이컴포넌트,59100,20200512
228536,에버다임,41440,20200228
610083,비아트론,141000,20200228
579999,고영,98460,20200228
302582,캐스텍코리아,71850,20200228
876643,엔피디,198080,20200318
132488,신세계톰보이,12580,20200403
230911,HRS,36640,20200408
347442,모보,51810,20200409
126371,삼성전기,9150,20200512
123143,보령제약,3850,20200512
117726,동양피스톤,92780,20200228
1188749,지앤이헬스케어,299480,20200228
324104,디케이씨,47440,20200228
124106,부산은행,5280,20200409
1010110,더블유게임즈,192080,20200424
181712,SK,34730,20200413
809517,아이엠텍,226350,20200512
572905,ISC,95340,20200512
624518,솔루에타,154040,20200512
104786,미래아이앤지,7120,20200512
356361,LG화학,51910,20200512
980122,JB금융지주,175330,20200512
526872,이수앱지스,86890,20200228
645089,NHN벅스,104200,20200228
611736,엑시콘,92870,20200228
455981,에스엔유,80000,20200228
202060,구영테크,53270,20200228
153126,크라운해태홀딩스,5740,20200228
111999,대원제약,3220,20200228
913689,세경하이테크,148150,20200228
361169,한국전자인증,41460,20200228
220561,광주신세계,37710,20200324
1316236,효성화학,298000,20200324
945208,THE MIDONG,161570,20200324
1021949,덱스터,206560,20200324
120216,KB손해보험,2550,20200414
136378,신세계,4170,20200417
877059,삼성바이오로직스,207940,20200512
410678,다린,204690,20200228
126201,삼성공조,6660,20200228
155735,피제이전자,6140,20200228
210740,대화제약,67080,20200228
1318933,지니틱스,303030,20200324
1428249,케이프이에스제4호,347140,20200324
119672,두올,16740,20200414
137809,신화실업,1770,20200414
877819,데이타솔루션,263800,20200512
164478,현대건설,720,20200512
664181,인텔리안테크,189300,20200228
1428203,케이씨씨글라스,344820,20200428
339391,한화시스템,272210,20200506
109514,티웨이홀딩스,4870,20200506
980043,비플라이소프트,148780,20200227
576798,디아이티,110990,20200512
1109539,와이아이케이,232140,20200228
206084,세아메탈,33020,20200228
151447,천지산업,1490,20200228
141875,사조오양,6090,20200330
164609,현대미포조선,10620,20200416
291152,디비엘,41500,20200508
188089,한섬,20000,20200512
170026,시공테크,20710,20200228
983271,엔에이치엔,181710,20200228
874937,탑선,180060,20200228
556615,모바일어플라이언스,87260,20200228
363246,우원개발,46940,20200228
362238,휴비스,79980,20200228
634728,이크레더블,92130,20200428
305668,새론오토모티브,75180,20200512
612188,에스티오,98660,20200512
1168383,일동제약,249420,20200228
158565,한국알콜,17890,20200228
108135,녹십자홀딩스,5250,20200331
1412822,두산솔루스,336370,20200331
245472,티씨케이,64760,20200513
428251,현대백화점,69960,20200515
131832,SK디스커버리,6120,20200515
308896,아이씨케이,68940,20200518
268251,다산네트웍스,39560,20200526
412597,현대홈쇼핑,57050,20200526
164636,HDC,12630,20200526
1350869,우리금융지주,316140,20200526
480455,STX엔진,77970,20200513
1263022,BGF리테일,282330,20200410
141477,영흥,12160,20200413
1030132,경남은행,192520,20200413
413523,한미글로벌,53690,20200514
260408,팜스코,36580,20200514
350312,HDC아이콘트롤스,39570,20200514
306719,에스텍,69510,20200514
148364,하림지주,3380,20200514
491415,인포바인,115310,20200514
830447,수프로,185190,20200525
198697,일진디스플,20760,20200318
728638,한세실업,105630,20200526
161976,한세예스24홀딩스,16450,20200526
652159,코오롱머티리얼,144620,20200526
550994,아이센스,99190,20200527
112907,코원에너지서비스,26870,20200527
159874,한국컴퓨터지주,9760,20200513
138321,신한금융투자,8670,20200513
442570,제우스,79370,20200413
484682,엘오티베큠,83310,20200514
117577,오리온홀딩스,1800,20200514
589127,KEC,92220,20200514
139214,삼성화재해상보험,810,20200525
520887,비상교육,100220,20200525
102618,계양전기,12200,20200525
164308,이마트에브리데이,10090,20200525
111810,대웅,3090,20200302
427483,대웅제약,69620,20200302
398701,엘앤에프,66970,20200302
1053540,퓨쳐켐,220100,20200302
219097,BGF,27410,20200410
1067516,골프존,215000,20200513
1128622,줌인터넷,239340,20200306
162586,한올바이오파마,9420,20200311
223762,지니뮤직,43610,20200311
386937,국민은행,60000,20200325
133991,세아특수강,19440,20200506
108913,대교,19680,20200514
599957,슈프리마에이치큐,94840,20200514
1010642,녹십자랩셀,144510,20200514
414601,유니퀘스트,77500,20200514
148984,조선내화,480,20200514
135917,한화손해보험,370,20200518
104856,삼성증권,16360,20200518
137368,신풍제지,2870,20200525
131054,유진증권,1200,20200526
652007,메카로,241770,20200526
255433,라온시큐어,42510,20200302
661847,화인베스틸,133820,20200420
105156,극동유화,14530,20200227
268002,세종텔레콤,36630,20200326
113359,교보증권,30610,20200326
530185,이엔에프테크놀로지,102710,20200326
115065,동남합성,23450,20200326
970453,파마리서치프로덕트,214450,20200326
123967,부산도시가스,15350,20200326
156691,한국공항,5430,20200326
163512,한진,2320,20200326
165413,롯데케미칼,11170,20200326
302926,현대로템,64350,20200326
595243,엔스퍼트,98400,20200304
628860,네오위즈,95660,20200506
243067,부방,14470,20200316
441447,케이씨티,89150,20200514
595191,후성,93370,20200514
357360,한세엠케이,69640,20200514
123718,부광약품,3000,20200514
156956,한국기업평가,34950,20200518
128032,삼일제약,520,20200421
241005,코오롱플라스틱,138490,20200421
138729,아세아제지,2310,20200417
350738,제네시스디벨롭먼트홀딩스,53320,20200423
371485,켐트로닉스,89010,20200227
679314,동성코퍼레이션,102260,20200326
1205851,현대일렉트릭,267260,20200326
1066058,파마리서치바이오,217950,20200326
1118643,로보쓰리,238500,20200326
1414936,SK6호스팩,340350,20200311
683469,일진전기,103590,20200413
411048,에스앤에스텍,101490,20200227
346610,유앤아이,56090,20200227
1141942,액트로,290740,20200302
130684,서울도시가스,17390,20200422
624749,에스피시스템스,317830,20200408
1234507,매일유업,267980,20200408
248974,하나제약,293480,20200227
145473,이글벳,44960,20200327
138695,뉴아세아조인트,13340,20200327
110884,엠젠플러스,32790,20200317
477257,코렌,78650,20200317
117258,한화갤러리아타임월드,27390,20200416
1351114,케이비17호스팩,317030,20200514
1183407,이십일스토어,270020,20200227
1062867,디알텍,214680,20200227
126186,삼성에스디에스,18260,20200422
139205,안국약품,1540,20200303
163761,한창제지,9460,20200227
1041828,JTC,950170,20200330
862853,플레이디,237820,20200312
1336373,메드팩토,235980,20200320
103006,고려제강,2240,20200330
130763,서울반도체,46890,20200330
109286,대동공업,490,20200330
161693,한샘,9240,20200513
409371,인베니아,79950,20200519
198192,한국팩키지,37230,20200227
255044,현대통신,39010,20200316
105873,LG디스플레이,34220,20200323
144650,유신,54930,20200323
113243,대한제분,1130,20200323
577016,수산아이앤티,50960,20200323
114552,도화엔지니어링,2150,20200323
136624,신영와코루,5800,20200323
118965,티에이치엔,19180,20200327
203209,에쎈테크,43340,20200327
269940,하나투어,39130,20200327
401731,LG전자,66570,20200327
263654,오스코텍,39200,20200327
323868,웹케시,53580,20200327
442048,아바텍,149950,20200327
447760,미래컴퍼니,49950,20200327
985686,큐브엔터,182360,20200327
1015726,미래테크놀로지,213090,20200327
105280,현대그린푸드,5440,20200331
108490,엔피케이,48830,20200331
127699,에코마이스터,64510,20200331
113410,CJ대한통운,120,20200331
269889,누리텔레콤,40160,20200331
143262,우진아이엔에스,10400,20200331
144252,유니온,910,20200331
370200,와이오엠,66430,20200331
146232,일성건설,13360,20200331
373571,룽투코리아,60240,20200331
147860,지코,10580,20200331
111847,대원강업,430,20200330
136226,신성델타테크,65350,20200330
116949,디티알오토모티브,7340,20200330
145738,이화전기,24810,20200330
118345,디아이동일,1530,20200330
190756,와이엔텍,67900,20200330
219361,해성산업,34810,20200330
122825,인스코비,6490,20200330
259545,엠에스오토텍,123040,20200330
124780,사조씨푸드,14710,20200330
260958,KTH,36030,20200330
124799,사조산업,7160,20200330
261373,마크로젠,38290,20200330
106614,기신정기,92440,20200519
1436336,이베스트스팩5호,349720,20200520
164973,현대해상,1450,20200323
219574,코스맥스비티아이,44820,20200323
367844,자이에스앤디,317400,20200323
109693,대림산업,210,20200422
260745,SCI평가정보,36120,20200420
1070149,올리패스,244460,20200317
176914,다우기술,23590,20200403
148540,CJ,1040,20200331
532059,KPX생명과학,114450,20200331
542074,나노캠텍,91970,20200331
450010,센트랄모텍,308170,20200331
542898,하이소닉,106080,20200331
1037214,케이피에스,256940,20200331
129350,삼화콘덴서공업,1820,20200330
129554,갤럭시아에스엠,11420,20200330
300405,오리엔트정공,65500,20200330
369107,우리바이오,82850,20200330
149026,CS홀딩스,590,20200330
153339,태경산업,15890,20200330
159254,한국전자홀딩스,6200,20200330
541437,코렌텍,104540,20200330
500254,GS,78930,20200330
759294,와이솔,122990,20200330
508274,일진다이아,81000,20200330
641393,엔시트론,101400,20200508
656021,데일리블록체인,139050,20200508
362441,현대오토에버,307950,20200513
808086,애니젠,196300,20200520
303873,CJ CGV,79160,20200228
1343665,메탈라이프,327260,20200317
1236897,제일약품,271980,20200227
763701,세틀뱅크,234340,20200330
796994,조선선재,120030,20200330
1110678,유틸렉스,263050,20200330
1032413,해성디에스,195870,20200330
1144028,씨티케이코스메틱스,260930,20200330
1365825,피에스케이,319660,20200330
1337220,키움제5호스팩,311270,20200513
1072518,디피코,163430,20200515
203582,한솔홈데코,25750,20200515
105855,엘에스일렉트릭,10120,20200406
197759,미래산업,25560,20200406
657987,KMH,122450,20200422
1316245,효성중공업,298040,20200511
107987,남해화학,25860,20200513
378363,3S,60310,20200520
302120,피앤텔,54340,20200521
684732,풀무원식품,103160,20200228
469799,이엔플러스,74610,20200427
930321,하이골드오션8호국제선박투자회사,159650,20200427
1419135,이노진,344860,20200427
143651,웅진,16880,20200428
583424,아모레퍼시픽,90430,20200512
161125,한온시스템,18880,20200512
106313,금호산업,2990,20200227
216027,바이넥스,53030,20200403
188715,현진소재,53660,20200506
146083,일동홀딩스,230,20200506
268011,일레덱스홀딩스,33550,20200511
1237540,이녹스첨단소재,272290,20200513
109824,대림통상,6570,20200513
105101,예스코홀딩스,15360,20200513
812362,포티스,141020,20200423
567222,우림기계,101170,20200227
145464,이구산업,25820,20200407
104768,가온전선,500,20200506
1258507,롯데제과,280360,20200513
616290,이엠넷,123570,20200513
363769,한국전자금융,63570,20200521
178754,동아지질,28100,20200521
475718,이엠앤아이,83470,20200521
599151,SV인베스트먼트,289080,20200526
136457,SH에너지화학,2360,20200526
104388,국도화학,7690,20200526
956930,동아에스티,170900,20200526
135999,신라섬유,1000,20200526
307037,더스텔라,65310,20200408
653103,나노스,151910,20200423
128175,원익큐브,14190,20200428
116824,동아쏘시오홀딩스,640,20200513
135050,우리들제약,4720,20200513
361594,DMS,68790,20200227
1336735,펨토바이오메드,327610,20200506
110583,대성엘텍,25440,20200513
119007,무림P&P,9580,20200513
145862,인천도시가스,34590,20200513
379016,이엘케이,94190,20200522
695464,차이나그레이트스타인터내셔널리미티드,900040,20200522
916826,드림씨아이에스,223250,20200522
430089,삼보오토,70080,20200228
129013,CJ씨푸드,11150,20200526
117179,디와이,13570,20200526
157104,대동전자,8110,20200525
990165,아세아시멘트,183190,20200227
340917,동원F&B,49770,20200409
302078,한국코퍼레이션,50540,20200506
326731,바이오니아,64550,20200506
266943,넥슨지티,41140,20200526
124540,대우건설,47040,20200526
382199,신한지주,55550,20200525
117498,디피씨,26890,20200527
1207761,디자인,227100,20200527
244747,파크시스템스,140860,20200227
493501,씨디네트웍스,73710,20200409
120526,롯데쇼핑,23530,20200511
992543,삼양옵틱스,225190,20200527
389998,브레인콘텐츠,66980,20200325
939687,동일고무벨트,163560,20200325
415707,엔텔스,69410,20200325
442145,아바코,83930,20200325
866594,미애부,225850,20200325
1187458,에스알바이오텍,270210,20200325
525642,코오롱생명과학,102940,20200325
664048,우리넷,115440,20200325
693554,티케이케미칼,104480,20200325
1070857,켐온,217600,20200325
1181807,까스텔바작,308100,20200325
1245062,코오롱티슈진,950160,20200325
1343920,유안타제4호스팩,313750,20200325
123152,보루네오가구,4740,20200228
149239,조일알미늄,18470,20200302
173944,우진,105840,20200302
927558,유바이오로직스,206650,20200302
993931,동양파일,228340,20200302
828497,한미약품,128940,20200302
638487,파수,150900,20200414
164645,HMM,11200,20200414
428729,대호에이엘,69460,20200414
535746,게임빌,63080,20200518
157399,한솔테크닉스,4710,20200521
348034,액토즈소프트,52790,20200526
1086812,케미메디,205290,20200526
1205709,현대중공업지주,267250,20200527
673301,전우정밀,120780,20200506
1388631,오션스톤,329020,20200507
151368,인터지스,129260,20200527
1316254,효성첨단소재,298050,20200527
493431,자안,221610,20200528
349097,케이티스카이라이프,53210,20200529
232007,상지카일룸,42940,20200228
1157235,아스타,246720,20200327
523307,다원시스,68240,20200508
369170,인터플렉스,51370,20200504
152686,코리아써키트,7810,20200504
990819,래몽래인,200350,20200525
447575,제이앤티씨,204270,20200527
842585,네이블커뮤니케이션즈,153460,20200527
123772,부국증권,1270,20200527
480756,이트론,96040,20200529
265041,KCI,36670,20200330
165361,휴코드,36840,20200313
207755,GS홈쇼핑,28150,20200316
1336391,엔에이치스팩13호,310840,20200318
126256,삼성생명,32830,20200320
126292,삼성카드,29780,20200320
158501,에스원,12750,20200320
161046,한독,2390,20200320
370006,iMBC,52220,20200525
442455,코스나인,82660,20200525
149655,삼성물산,28260,20200525
115676,KG동부제철,16380,20200525
366137,KG ETS,151860,20200525
480048,모다이노칩,80420,20200525
126566,한화에어로스페이스,12450,20200527
125576,체시스,33250,20200527
946030,로보티즈,108490,20200228
1195828,대원모방,311840,20200228
176516,금화피에스시,36190,20200402
261355,레드캡투어,38390,20200402
359395,헬릭스미스,84990,20200402
366942,미코,59090,20200402
159731,글로본,19660,20200511
1148909,휴럼,284420,20200512
490090,이지케어텍,99750,20200526
300557,위니아딤채,71460,20200526
171265,파라다이스,34230,20200526
857480,사람인에이치알,143240,20200228
1060744,한솔제지,213500,20200507
136004,신라에스지,25870,20200226
445160,디이엔티,79810,20200402
820352,파인텍,131760,20200402
255619,강원랜드,35250,20200406
349811,W홀딩컴퍼니,52300,20200429
361266,네스엠,56000,20200429
1412725,두산퓨얼셀,336260,20200421
124197,세아제강지주,3030,20200304
1326792,상상인이안1호스팩,307870,20200226
118284,동일금속,109860,20200227
870481,에코캡,128540,20200228
963976,SG,255220,20200511
1267967,마이크로디지탈,305090,20200313
154462,아모레퍼시픽그룹,2790,20200512
154392,에스트라,16570,20200512
216434,체리부로,66360,20200528
241209,모아텍,33200,20200528
631518,SK이노베이션,96770,20200528
659815,금오하이텍,165270,20200227
112457,대주산업,3310,20200401
961136,씨티네트웍스,189540,20200512
659976,영화테크,265560,20200309
174527,화성산업,2460,20200316
116356,동성화학,5190,20200227
893923,이푸른,185280,20200228
369833,유니온머티리얼,47400,20200407
763473,코스메카코리아,241710,20200228
681142,쌍방울,102280,20200401
204642,티비씨,33830,20200401
256715,국순당,43650,20200401
838500,엘브이엠씨,900140,20200401
359076,브리지텍,64480,20200401
367604,SM Life Design,63440,20200401
389970,다날,64260,20200401
478900,빅솔론,93190,20200401
938688,SBI핀테크솔루션즈,950110,20200401
1309795,알로이스,297570,20200512
234412,신세계인터내셔날,31430,20200417
258801,카카오,35720,20200403
161860,한성기업,3680,20200317
925189,신화콘텍,187270,20200528
965062,코셋,189350,20200227
1003040,케이사인,192250,20200227
1139497,에스제이켐,217910,20200228
121039,명문제약,17180,20200228
264671,세중,39310,20200421
260930,에스엠,41510,20200417
683007,엑스큐어,70300,20200514
149293,신한은행,10,20200325
176792,오렌지라이프생명보험,79440,20200326
159290,한국아트라스비엑스,23890,20200528
1113754,오션브릿지,241790,20200227
115384,동방아그로,7590,20200409
160843,DB하이텍,990,20200409
1205329,크라운제과,264900,20200423
238199,로지시스,67730,20200514
120508,롯데푸드,2270,20200514
415594,동국S&C,100130,20200529
925295,에프엔씨엔터,173940,20200228
585219,세원셀론텍,91090,20200406
110750,리더스 기술투자,19570,20200514
1371312,케이비제18호스팩,323940,20200514
1393299,케이비제19호스팩,330990,20200514
235147,에스모,73070,20200227
346911,아이톡시,52770,20200416
530796,미성포리테크,94700,20200228
113207,대한전선,1440,20200228
489243,동아엘텍,88130,20200228
578538,티피씨글로벌,130740,20200423
264547,KG이니시스,35600,20200513
128926,삼현철강,17480,20200228
343127,자유투어,46840,20200228
114808,동국제약,86450,20200428
776820,영원무역,111770,20200513
110875,대신정보통신,20180,20200514
266952,네오위즈홀딩스,42420,20200305
875307,야스,255440,20200227
657002,에이디테크놀로지,200710,20200304
1063954,수젠텍,253840,20200304
488402,서울바이오시스,92190,20200306
351454,큐브앤컴퍼니,43090,20200424
108241,농심,4370,20200511
1059605,디와이파워,210540,20200522
1182240,배럴,267790,20200227
121932,미원상사,2840,20200325
397243,티에스엠텍,66350,20200507
148276,제일기획,30000,20200228
602136,디와이피엔에프,104460,20200424
308559,코디,80530,20200428
363592,한컴위드,54920,20200410
435312,하이스틸,71090,20200514
537337,앤씨앤,92600,20200422
136165,스페코,13810,20200325
140061,정산애강,22220,20200325
150439,진양산업,3780,20200325
173591,세원물산,24830,20200325
164830,한국조선해양,9540,20200325
223434,에프에스티,36810,20200325
261656,잉크테크,49550,20200325
287788,정상제이엘에스,40420,20200325
609315,멜파스,96640,20200421
353762,키이스트,54780,20200429
1255652,레이크머티리얼즈,281740,20200511
604815,에스디시스템,121890,20200410
1189438,노터스,278650,20200410
671437,파인넥스,123260,20200410
125488,삼륭물산,14970,20200410
580199,메디톡스,86900,20201013
878915,DGB금융지주,139130,20201118
1480568,이지바이오,353810,20201118
140858,영신금속,7530,20201126
185505,제일바이오,52670,20201126
403632,현대퓨처넷,126560,20201117
1368354,네패스아크,330860,20201117
238001,블루콤,33560,20201117
160302,코스모화학,5420,20201118
422284,메가스터디,72870,20201118
623184,감마누,192410,20201118
1318261,IBKS제10호스팩,299170,20201118
1153293,제이엘케이,322510,20200713
627029,ITX-AI,99520,20200903
1063884,이디티,215090,20200903
132354,쿠쿠홀딩스,192400,20201006
158015,한국선재,25550,20201006
528515,한라IMS,92460,20201006
904672,넷마블,251270,20201007
585538,에스에너지,95910,20201007
814786,스카이이앤엠,131100,20201007
1257872,에스퓨얼셀,288620,20201007
133557,PN풍년,24940,20201124
480367,삼강엠앤티,100090,20200901
1042979,휴마시스,205470,20200901
925587,위드텍,348350,20201030
665630,테라텍,151750,20201118
648721,S&TC,100840,20200904
1399071,고바이오랩,348150,20201118
298687,한류타임즈,39670,20201125
601191,하나기술,299030,20201125
694942,이미지스,115610,20201125
1031502,디오스텍,196450,20201125
121570,문배철강,8420,20201125
350048,오성첨단소재,52420,20201125
203315,제이콘텐트리,36420,20200713
159786,유니드,14830,20200713
103592,광동제약,9290,20200903
623661,원익머트리얼즈,104830,20201007
1020843,엔에스,217820,20201007
104810,대명소노시즌,7720,20200910
356839,메디콕스,54180,20200910
411385,유비쿼스홀딩스,78070,20200910
670766,엠투아이,347890,20201014
432102,한국금융지주,71050,20201014
1497869,티와이홀딩스,363280,20200928
1136348,나무기술,242040,20201026
1258710,이노메트리,302430,20201026
184667,유진기업,23410,20201026
1135941,원익IPS,240810,20201026
656951,이지웰,90850,20200615
347716,센트럴바이오,51980,20200714
247975,솔브레인홀딩스,36830,20200714
787376,대성에너지,117580,20200714
126788,삼아제약,9300,20200714
139889,SKC,11790,20200904
137915,에스엠코어,7820,20200910
1061327,클래시스,214150,20201015
1201590,에브리봇,270660,20201015
101752,케이씨피드,25880,20200909
193009,필룩스,33180,20201027
149770,중앙에너비스,440,20200907
113225,대한제강,84010,20200909
977696,파티게임즈,194510,20200909
109310,대동기어,8830,20200715
127909,삼일,32280,20200715
110547,넥상스코리아,3050,20200716
276083,스카이문스테크놀로지,33790,20200716
127158,씨아이테크,4920,20200908
173698,신일전자,2700,20200908
1267550,나라소프트,288490,20200908
133663,세동,53060,20201008
533003,디케이락,105740,20201008
670340,씨에스윈드,112610,20201012
384948,대유,290380,20200911
109806,삼일씨엔에스,4440,20200911
1025644,강스템바이오텍,217730,20200911
892526,디케이앤디,263020,20201104
523176,네추럴FNP,86220,20201105
159698,지역난방공사,71320,20200910
587925,바이오리더스,142760,20200910
117230,동양물산기업,2900,20201102
103547,우진비앤지,18620,20201102
205687,글로스퍼랩스,32860,20201109
304915,코리아에셋투자증권,190650,20200609
861100,아이케이세미콘,149010,20200609
1042429,액션스퀘어,205500,20200611
120030,GS건설,6360,20200602
126955,삼양식품,3230,20200609
447007,알리코제약,260660,20200609
911955,잇츠한불,226320,20200717
660291,옵티시스,109080,20200717
267854,메디앙스,14100,20200720
152260,카스,16920,20200720
113614,대현,16090,20201110
177320,대성미생물,36480,20201110
496225,에스모 머티리얼즈,87730,20201110
125974,삼부토건,1470,20201110
1013694,인카금융서비스,211050,20201111
195229,휠라홀딩스,81660,20200623
119195,동화약품,20,20201110
191287,대동금속,20400,20201110
121543,무학,33920,20201110
1036446,서연이화,200880,20200615
133706,세하,27970,20200616
886792,루켄테크놀러지스,162120,20200915
1394669,대신밸런스제7호스팩,332290,20200609
1407909,대신밸런스제8호스팩,336570,20200609
102681,고려개발,4200,20200721
604426,인터로조,119610,20200721
1060814,삼양패키징,272550,20200723
220057,유비케어,32620,20200727
1203376,유비쿼스,264450,20200910
264714,SG&G,40610,20200910
209443,아주캐피탈,33660,20200911
447487,제주반도체,80220,20201016
1204056,빅히트,352820,20201016
220969,오공,45060,20200914
1337017,이앤에치,341310,20200914
106641,기아자동차,270,20200916
325112,프로텍,53610,20200916
300548,현대리바트,79430,20200629
361008,HSD엔진,82740,20200629
1208849,나인테크,267320,20200617
260569,유니셈,36200,20200617
808022,메지온,140410,20200915
603348,케이아이엔엑스,93320,20200916
307028,경남제약,53950,20200916
273615,비케이탑스,30790,20200610
445841,한컴MDS,86960,20200610
786331,에스앤씨엔진그룹,900080,20200610
1327092,라닉스,317120,20200610
261009,버추얼텍,36620,20200729
1185566,블러썸엠앤씨,263920,20200914
1290381,피엔케이피부임상연구센타,347740,20200914
258689,JYP Ent.,35900,20200914
238977,화진,134780,20200914
131780,SK네트웍스,1740,20201016
122339,이매진아시아,36260,20200707
357607,케이피티유,54410,20200707
147994,새로닉스,42600,20200630
565154,이노션,214320,20200918
919966,신라젠,215600,20200918
1415892,제이알글로벌리츠,348950,20200918
1405390,핌스,347770,20200918
1476219,교보10호기업인수목적,355150,20200918
146542,일정실업,8500,20200615
166500,화천기계,10660,20200616
1243550,아이비케이에스제7호기업인수목적,276920,20200618
942131,앤디포스,238090,20200804
135795,신도리코,29530,20200810
164362,행남사,8800,20200810
1105621,엔투텍,227950,20201020
1243161,인산가,277410,20201020
128971,대림건설,1880,20200709
136095,조은저축은행,31920,20200709
369657,리노공업,58470,20200709
301246,SFA반도체,36540,20200709
140566,한탑,2680,20200709
123541,보해양조,890,20200710
129411,삼환기업,360,20200918
124151,부산주공,5030,20200701
583026,율호,72770,20200618
136721,신영증권,1720,20200622
1440153,IBKS제14호스팩,351320,20200622
400060,이씨에스,67010,20200622
112165,디아이씨,92200,20200915
112059,상상인증권,1290,20200915
146649,일진홀딩스,15860,20200915
173449,경남바이오파마,44480,20200916
1394377,이지스밸류플러스리츠,334890,20201022
256502,에이텍,45660,20201022
155373,풍강,93380,20201026
1165155,모비스,250060,20200715
148461,제일연마,1560,20200715
1137383,카카오게임즈,293490,20200916
159193,한국전력공사,15760,20200921
216762,한양이엔지,45100,20200701
610490,비디아이,148140,20200706
1407158,신한제6호스팩,333050,20200706
860730,에이리츠,140910,20200622
221728,하츠,66130,20200622
122898,벽산,7210,20200622
392691,젬백스링크,64800,20200624
1293388,무진메디,322970,20200624
367385,효성오앤비,97870,20200811
230814,OQP,78590,20200811
1152470,펄어비스,263750,20200812
532129,영림원소프트랩,60850,20200812
527491,코리아에스이,101670,20200921
158149,한국쉘석유,2960,20201026
186452,릭스솔루션,29480,20201027
390860,MP그룹,65150,20201027
1117918,셀젠텍,258250,20201027
612294,피엔티,137400,20201027
1091382,마이더스AI,222810,20201027
243988,에스케이브로드밴드,33630,20200917
1102095,쿠첸,225650,20200922
226228,한프,66110,20200922
103176,흥국화재,540,20200701
397252,조이시티,67000,20200706
1032583,고려시멘트,198440,20200713
355089,토탈소프트,45340,20201008
180865,엔에스엔,31860,20200630
113058,한화생명,88350,20200630
910202,대동고려삼,178600,20200814
204226,소프트센,32680,20200814
242934,케이엠,83550,20200922
762377,씨앗,103660,20201021
164788,현대모비스,12330,20201015
877174,엠브레인,169330,20201015
1236286,컬러레이,900310,20201015
364111,다이노나,86080,20201015
1066030,드림티엔터테인먼트,220110,20200713
148595,제일테크노스,38010,20200713
197476,코엔텍,29960,20200713
264635,에스넷,38680,20200713
118275,디아이,3160,20200720
159810,카프로,6380,20200720
347062,현대바이오랜드,52260,20201021
1414422,아이비김영,339950,20201021
1144569,명성티엔에스,257370,20201028
1115044,안지오랩,251280,20200706
203847,국일신동,60480,20200825
540863,GST,83450,20200922
1047169,지란지교시큐리티,208350,20200922
1250374,에스에스알,275630,20200922
407814,크리스탈지노믹스,83790,20200923
114154,덕양산업,24900,20200923
1046203,스튜디오산타클로스,204630,20200923
1487446,엔에이치스팩17호,359090,20200923
1043853,베노홀딩스,206400,20201028
403793,바이브컴퍼니,301300,20201028
1038693,드림시큐리티,203650,20201105
148522,퍼스텍,10820,20200706
626011,아이텍,119830,20200707
410739,필로시스헬스케어,57880,20200707
975290,에이스토리,241840,20200825
113997,일진머티리얼즈,20150,20200826
537221,바이오코아,216400,20200826
1060735,아이피몬스터,223220,20200826
159209,한전기술,52690,20200827
122694,범양건영,2410,20200924
1274310,이오플로우,294090,20200924
304076,원방테크,53080,20200924
1416572,한화플러스제1호스팩,340440,20201030
1336285,SK4호스팩,307070,20200917
259590,바른손이앤에이,35620,20200821
1259056,베스파,299910,20200727
425351,멀티캠퍼스,67280,20200727
977650,엔케이맥스,182400,20200729
1071041,천랩,311690,20201116
357935,HDC현대EP,89470,20201116
122348,방림,3610,20201116
422895,세이브존I&C,67830,20201116
191588,삼원강재,23000,20200707
116426,코센,9730,20200708
155276,포스코케미칼,3670,20200828
141389,영풍정밀,36560,20200828
1213586,아이디피,332370,20200828
232089,바이온,32980,20200925
957568,세미콘라이트,214310,20200925
135111,수산중공업,17550,20200925
1328170,노드메이슨,317860,20201103
296290,키움증권,39490,20201105
105606,금호에이치티,214330,20201111
1187494,덴티스,261200,20200825
406037,CSA 코스믹,83660,20200907
363486,로체시스템즈,71280,20200916
1265251,압타머사이언스,291650,20200916
1447217,에이치엠씨제4호스팩,353070,20200729
1363818,롯데리츠,330590,20200825
1350638,티티씨디펜스,309900,20201118
367695,대한그린파워,60900,20201119
661157,인트로메딕,150840,20201119
876209,미래엔에듀파트너,208890,20201119
670085,엘아이에스,138690,20201119
152127,심텍홀딩스,36710,20200709
1095722,심텍,222800,20200709
1418260,폭스소프트,354230,20200828
1430475,코람코에너지리츠,357120,20200831
602279,그린플러스,186230,20201005
136271,신성이엔지,11930,20201113
1335851,박셀바이오,323990,20200922
231372,롯데관광개발,32350,20200922
365387,AJ네트웍스,95570,20200922
120872,만호제강,1080,20200825
138224,쌍용양회공업,3410,20201119
277736,한일네트웍스,46110,20200709
1139035,티에스아이,277880,20200831
1091054,쎄노텍,222420,20200901
199252,에이치엘비,28300,20200901
760999,상신전자,263810,20200901
147152,유니크,11320,20200901
785475,피앤이솔루션,131390,20200901
1061497,퓨쳐스트림네트웍스,214270,20201112
453284,교촌에프앤비,339770,20201112
1089855,해마로푸드서비스,220630,20201119
989327,엘피케이로보틱스,183350,20200917
1075126,경남제약헬스케어,223310,20201116
1263527,카이노스메드,284620,20201116
102432,계룡건설산업,13580,20200916
364847,이글루시큐리티,67920,20201119
396925,엠로,58970,20201119
244561,인터파크,35080,20201030
916516,흥국에프엔비,189980,20201030
168401,금비,8870,20201116
153621,참엔지니어링,9310,20201124
1047451,셀바스헬스케어,208370,20201124
261957,한국정보공학,39740,20201124
642541,디엔에이링크,127120,20201124
674498,골프존뉴딘홀딩스,121440,20201124
557508,GKL,114090,20201125
299464,초록뱀,47820,20201125
120906,에스아이리소스,65420,20201023
140177,GS리테일,7070,20200917
1436628,이지스레지던스리츠,350520,20200820
961570,신도기연,290520,20200820
878696,에스케이바이오팜,326030,20200820
599106,코닉글로리,94860,20201103
304401,텔라움,47730,20200811
361725,에스케이커뮤니케이션즈,66270,20200602
172228,엔케이,85310,20200602
129989,코스모신소재,5070,20200602
1096341,넷게임즈,225570,20201008
258102,지엔코,65060,20200608
111111,대양금속,9190,20201111
563147,에스에이티이엔지,158300,20201118
117382,디와이홀딩스,4510,20200609
150828,진흥기업,2780,20200609
390903,우주일렉트로,65680,20200603
232821,라이브파이낸셜,36170,20200604
299002,한라홀딩스,60980,20201013
134316,세원정공,21820,20200605
103130,엔케이물산,9810,20200624
117212,두산,150,20200625
171636,한솔홀딩스,4150,20200618
563518,비나텍,126340,20200923
390514,이루온,65440,20201015
1085187,씨알푸드,236030,20201015
552859,지트리비앤티,115450,20201023
596677,매커스,93520,20200604
678096,맥스로텍,141070,20200604
327396,옵트론텍,82210,20200604
242378,이지홀딩스,35810,20200703
526447,동북아12호선박투자회사,83370,20200623
923826,유테크,178780,20200623
1063237,플럼라인생명과학,222670,20200623
1084364,엔지스테크널러지,208860,20200604
605522,소룩스,290690,20201106
406392,엔에스쇼핑,138250,20201113
175623,라이브플렉스,50120,20201113
109189,대덕,8060,20200715
128980,삼호개발,10960,20200715
166333,이노와이즈,86250,20200715
1016886,테크엔,308700,20200715
217743,화성밸브,39610,20200715
258421,기산텔레콤,35460,20200715
816696,큐엠씨,136660,20200716
1214248,뉴트리,270870,20200608
121288,모나미,5360,20200608
210980,원익,32940,20200609
255141,글로앤웰,35480,20200717
1130885,바이오인프라생명과학,266470,20200722
435297,맥쿼리인프라,88980,20200715
1440481,IBKS제13호스팩,351340,20200715
235183,에이치케이,44780,20200715
107224,남선알미늄,8350,20200715
103635,광림,14200,20200609
373021,테라사이언스,73640,20200728
1062177,제놀루션,225220,20200724
441243,형지엘리트,93240,20200610
138303,쌍용정보통신,10280,20200716
598587,인터파크,108790,20200716
604268,에이프로,262260,20200716
172185,남성,4270,20200716
1061558,덕산네오룩스,213420,20200716
1237434,플리토,300080,20200729
341916,오스템임플란트,48260,20200730
1442115,소마젠,950200,20200730
852087,시디즈,134790,20200731
163716,한창,5110,20200731
526599,덴티움,145720,20200729
619640,이엔드디,101360,20200730
791209,우리들휴브레인,118000,20200731
391197,메디프론,65650,20200731
384762,파커스,65690,20200731
146269,일신방직,3200,20200731
439965,나노신소재,121600,20201113
963000,썬테크,217320,20201126
398792,S&T모티브,64960,20201126
100601,강원,114190,20200820
125725,포비스티앤씨,16670,20200820
136448,신신제약,2800,20200820
1243772,신한제4호기업인수목적,277480,20200820
367455,현우산업,92300,20200807
124504,포스코인터내셔널,47050,20200807
793155,핸디소프트,220180,20201123
143226,엠투엔,33310,20200901
918222,엘앤케이바이오,156100,20200901
1187865,앙츠,267810,20200901
480783,상신이디피,91580,20200901
629212,딜리,131180,20201123
156488,휴스틸,5010,20200805
765462,씨에스베어링,297090,20200805
399694,아프리카TV,67160,20200902
149345,조흥,2600,20200911
1359815,윈텍,320000,20200807
1067242,티씨엠생명과학,228180,20200807
155498,풍림산업,1310,20200828
219486,신세계I&C,35510,20200805
1165739,잉글우드랩,950140,20200805
1437292,미래에셋맵스리츠,357250,20200805
169048,넥스트사이언스,3580,20200810
273439,메디아나,41920,20200916
167208,흥아해운,3280,20200810
120924,매일홀딩스,5990,20200810
194947,한전산업,130660,20200811
874195,코썬바이오,204990,20200811
164812,현대종합상사,11760,20201124
273110,에스티큐브,52020,20201030
159218,한전KPS,51600,20200910
108940,대성홀딩스,16710,20200910
167280,폴루스바이오팜,7630,20201109
1166109,예선테크,250930,20200831
371740,디스플레이텍,66670,20200831
255105,골드퍼시픽,38530,20200902
660750,하나머티리얼즈,166090,20200902
1228515,지엔원에너지,270520,20200902
146560,일지테크,19540,20201106
162461,한화솔루션,9830,20201106
971090,샘코,263540,20200714
1264234,엘에이티,311060,20201102
525679,차바이오텍,85660,20201102
102353,경창산업,24910,20201019
359474,제이웨이,58420,20200910
1208885,경동도시가스,267290,20200914
1107665,크리스탈신소재,900250,20201109
104120,광진실업,26910,20201109
158024,KBI메탈,24840,20201116
133335,성창기업지주,180,20201116
761952,아나패스,123860,20201117
208134,KNN,58400,20200904
1351822,한화에스비아이스팩,317320,20201106
663289,위월드,140660,20200728
571483,오이솔루션,138080,20201109
1205842,현대건설기계,267270,20200803
133238,성지건설,5980,20200812
415646,드림텍,192650,20200915
228059,휴온스글로벌,84110,20200915
445799,서원인텍,93920,20201125
176835,농우바이오,54050,20201125
641171,모바일리더,100030,20201125
162081,한국투자파트너스,19560,20201125
821607,알톤스포츠,123750,20201125
109587,대륙제관,4780,20201125
494476,이녹스,88390,20201125
173740,신한,5450,20201125
1112700,에스엘에스바이오,246250,20201125
126414,삼성제약,1360,20201125
156859,KTB투자증권,30210,20200818
939942,포시에스,189690,20200824
818472,이큐셀,160600,20201110
215976,UCI,38340,20201110
166227,화승인더스트리,6060,20201111
1128613,화승엔터프라이즈,241590,20201111
1022902,애드바이오텍,179530,20201111
1396931,유엑스엔,337840,20201116
136925,신원종합개발,17000,20200603
608699,디엠티,134580,20200731
356927,에이디칩스,54630,20200731
112378,KR모터스,40,20200731
540447,유니테스트,86390,20200731
116301,NI스틸,8260,20200731
209780,케이씨,29460,20200731
1219155,네오크레마,311390,20200813
103626,한솔피엔에스,10420,20200813
234227,유진로봇,56080,20201109
578130,아퓨어스,149300,20201113
152729,광전자,17900,20201113
113535,대한해운,5880,20201113
449379,도이치모터스,67990,20200820
141556,오로라,39830,20201125
310156,셀루메드,49180,20201125
243979,수성,84180,20201125
1353848,이노벡스,279060,20201125
102760,두산건설,11160,20201125
160047,한국테크놀로지그룹,240,20201127
1338724,SNK,950180,20201127
1262032,롯데정보통신,286940,20201127
317210,성호전자,43260,20200616
155692,우리조명,37400,20200907
360036,백금T&A,46310,20201116
441128,아리온,58220,20201118
1036367,프로스테믹스,203690,20201118
136341,신성통상,5390,20200612
1276594,신한알파리츠,293940,20201123
867478,농업회사법인아시아종묘,154030,20201123
200910,아이즈비전,31310,20201123
806972,매직마이크로,127160,20201123
492894,젬백스,82270,20201123
255275,HB테크놀러지,78150,20201123
843830,카이노스메드,220250,20200611
660033,씨엔플러스,115530,20200611
991298,씨이랩,189330,20200612
106623,현대위아,11210,20200922
482426,인화정공,101930,20201127
673976,지스마트글로벌,114570,20201127
210856,코아스,71950,20201127
390408,에프앤리퍼블릭,64090,20201118
108977,대구백화점,6370,20201118
145437,키위미디어그룹,12170,20201119
896753,스킨앤스킨,159910,20201119
1055317,비엔디생활건강,215050,20201120
522007,크리스에프앤씨,110790,20200604
249034,드림라인,35430,20200819
171867,에스씨디,42110,20200615
803425,코리아에프티,123410,20200616
624509,디바이스이엔지,187870,20200616
231691,판타지오,32800,20201124
260611,크로바하이텍,43590,20201124
475976,인콘,83640,20201124
118804,동진쎄미켐,5290,20201124
160621,한국화장품제조,3350,20201124
408956,제넨바이오,72520,20201125
260356,산은캐피탈,8270,20201125
372226,티에스이,131290,20201125
117072,동양건설산업,5900,20200612
441304,가온미디어,78890,20200615
138598,아비코전자,36010,20200615
544452,이리츠코크렙,88260,20200928
151863,센트럴인사이트,12600,20200928
400121,유아이디,69330,20200928
765851,위더스제약,330350,20200928
141671,오리콤,10470,20201123
123781,부국철강,26940,20201123
220109,솔고바이오,43100,20201123
173032,동화기업,25900,20201126
1110076,솔트웍스,230980,20201126
1021666,덕산테코피아,317330,20201126
107598,남양유업,3920,20201126
110051,SK머티리얼즈,36490,20201126
115694,DB금융투자,16610,20200605
124090,한국특수형강,7280,20200608
303192,디에이피,66900,20200821
593032,LF,93050,20200617
389387,라임,65160,20200622
455112,GV,45890,20201126
1406618,비올,335890,20201126
148470,제일전기공업,199820,20201126
825959,하이비젼시스템,126700,20201126
132211,선창산업,2820,20201127
223513,제이씨현시스템,33320,20201127
146427,일야,58450,20201127
450339,에스에프씨,112240,20201127
596260,투비소프트,79970,20200720
520610,씨큐브,101240,20200731
161426,한미사이언스,8930,20200929
138747,아세아텍,50860,20200929
123107,보락,2760,20201127
540429,휴림로봇,90710,20201127
142865,WISCOM,24070,20201127
526678,동방선기,99410,20201127
162993,한일홀딩스,3300,20201127
831428,디에이치피코리아,131030,20201127
122205,바른손,18700,20201127
400857,에이블씨엔씨,78520,20201127
162832,한일단조,24740,20200710
100258,에스마크,30270,20200731
245898,아래스,50320,20201012
174004,유성기업,2920,20200701
647935,하나유비에스암바토비니켈해외자원개발2호,99350,20200701
647883,하나유비에스암바토비니켈해외자원개발1호,99340,20200701
1068348,러셀,217500,20200701
1110474,에스씨엠생명과학,298060,20200701
1275665,리메드,302550,20200701
254045,우리은행,30,20200908
1014657,비즈니스온,138580,20200908
1137897,SGA클라우드서비스,224880,20200929
587457,갤럭시아머니트리,94480,20200929
1182408,소프트캠프,258790,20201006
1395279,하나금융14호스팩,332710,20201127
1034730,크로넥스,215570,20201127
292434,인트론바이오,48530,20201127
435969,인피니트헬스케어,71200,20201127
442905,대성파인텍,104040,20201127
130383,서부T&D,6730,20201127
130879,서울식품공업,4410,20200608
168331,국동,5320,20200616
109037,대성창투,27830,20201127
141413,영화금속,12280,20201127
402989,코스온,69110,20201127
501970,코드네이처,78940,20201127
1009789,코스맥스,192820,20201127
470829,한솔인티큐브,70590,20201127
923899,스타모빌리티,158310,20201127
352064,프리엠스,53160,20201127
128546,삼천당제약,250,20201127
151395,천일고속,650,20201127
447502,바이오톡스텍,86040,20200710
551920,네오팜,92730,20200713
159412,한국제지,2300,20200713
632845,노랑풍선,104620,20200713
1413371,단디바이오,343090,20200713
246417,이오테크닉스,39030,20200731
409788,비에이치아이,83650,20200731
299358,해덕파워웨이,102210,20200731
303217,우진플라임,49800,20200731
652423,비티원,101140,20201013
103015,고려제약,14570,20200701
1109937,티앤알바이오팹,246710,20200702
1042650,큐리언트,115180,20200702
994994,나노,187790,20200702
486875,우양,103840,20200702
565215,굿센,243870,20200703
139685,양지사,30960,20200909
531865,유니테크노,241690,20201006
158316,NICE,34310,20200617
1453670,엔에이치스팩16호,353190,20200617
155258,포스코강판,58430,20200617
978075,옐로페이,179720,20200619
1047707,바이오로그디바이스,208710,20200619
378220,버킷스튜디오,66410,20200824
693651,비덴트,121800,20200824
650629,SBS미디어홀딩스,101060,20200706
665676,아시아경제,127710,20200706
101257,경남기업,800,20200909
527464,에이치시티,72990,20200909
120562,롯데지주,4990,20201012
233653,한국토지신탁,34830,20201012
643656,조이맥스,101730,20201012
347877,이에스에이,52190,20200619
454399,이상네트웍스,80010,20200619
1478712,대덕전자,353200,20200715
455875,와토스코리아,79000,20200828
145914,인터엠,17250,20200903
152589,코리아나,27050,20200706
667425,에이팩트,200470,20200909
799177,삼기,122350,20201022
1049167,미코바이오메드,214610,20201022
331016,에프앤가이드,64850,20200721
1073678,얼라인드,238120,20200904
1335578,애니플러스,310200,20200904
1031229,지티지웰니스,219750,20201026
128555,삼천리,4690,20200707
620868,아이티센,124500,20200707
267979,한일화학,7770,20200707
447609,비에이치,90460,20200707
523936,엘이티,297890,20200909
811372,노바렉스,194700,20200909
115612,동부건설,5960,20201029
1023318,센코,347000,20201029
1114586,셀레믹스,331920,20201029
125080,AK홀딩스,6840,20200629
139454,애경산업,18250,20200629
555874,제주항공,89590,20200629
530413,코디엠,224060,20200629
936787,애경유화,161000,20200629
547510,툴젠,199800,20200629
191472,KPX케미칼,25000,20200722
297095,나라엠앤디,51490,20200722
107677,비비안,2070,20200804
313649,현대바이오,48410,20200804
618401,크루셜텍,114120,20200804
1109690,도부마스크,227420,20200804
161444,한국씨티은행,16830,20201027
664853,제이씨케미칼,137950,20200909
226316,호전실업,111110,20200909
129420,까뮤이앤씨,13700,20201029
587466,KPX홀딩스,92230,20200722
166573,환인제약,16580,20200722
556712,힘스,238490,20200804
584362,넥스지,81970,20200806
495086,픽셀플러스,87600,20200811
137058,신일제약,12790,20200820
1326224,교보8호스팩,307280,20201102
876166,한국바이오젠,318000,20201102
1179608,포인트엔지니어링,256630,20200710
185046,SM C&C,48550,20200710
148610,한화투자증권,3530,20200910
121507,무림SP,1810,20200910
136086,무림페이퍼,9200,20200910
795135,코오롱인더,120110,20201102
1186671,바이오시네틱스,281310,20200707
375931,인선이엔티,60150,20200812
104519,국보,1140,20200813
660121,디에이테크놀로지,196490,20200813
1391103,브랜드엑스코퍼레이션,337930,20200813
218052,국제엘렉트릭코리아,53740,20200813
351375,뉴보텍,60260,20200820
122579,BYC,1460,20200907
533924,액트,131400,20200907
145686,이화산업,760,20200907
808068,에이씨티,138360,20200907
159616,두산중공업,34020,20200907
1113949,퓨전,195440,20200907
1032486,두산밥캣,241560,20200907
136101,메이슨캐피탈,21880,20201102
380429,CMG제약,58820,20201102
222213,포트로닉스천안,39870,20200730
155382,바이오빌,65940,20200731
364403,쏠리드,50890,20200910
109718,사조대림,3960,20200910
336817,에이치엘비제약,47920,20201105
1221947,비엔에프코퍼레이션,271780,20201105
533191,비보존 헬스케어,82800,20201105
536329,디지탈옵틱,106520,20201105
334624,팍스넷,38160,20200708
112332,미래에셋생명,85620,20200709
843900,육일씨엔에쓰,191410,20200806
143794,원림,5820,20200908
239596,쎄니트,37760,20201104
406046,STX중공업,71970,20201104
1343735,데이드림엔터,348840,20200818
689418,지와이커머스,111820,20200818
1416235,미투젠,950190,20200818
447982,에스피엠씨,74000,20200910
134510,세종공업,33530,20200911
298447,아모텍,52710,20201105
1259311,푸드나무,290720,20201105
155586,피에스엠씨,24850,20201105
552992,진매트릭스,109820,20200713
526836,미래나노텍,95500,20200713
141282,에이치디씨영창,1890,20200713
350020,파인디앤씨,49120,20201007
104537,국영지앤엠,6050,20201126
377018,기가레인,49080,20201126
359623,우리산업홀딩스,72470,20201125
479787,인텍플러스,64290,20201125
995993,캔서롭,180400,20201125
1391033,NH프라임리츠,338100,20200928
307222,YBM넷,57030,20201125
173351,삼진,32750,20201125
569646,영우디에스피,143540,20201125
152039,SG충방,1380,20201125
540605,이월드,84680,20201125
145668,이화공영,1840,20201125
156442,한국가구,4590,20200902
102751,고려산업,2140,20200902
1326279,아이엘사이언스,307180,20200902
349060,한스바이오메드,42520,20201127
117276,네이처셀,7390,20201021
244455,케이티앤지,33780,20201127
101220,KG케미칼,1390,20201006
249502,더블유에프엠,35290,20201006
106395,금호전기,1210,20201006
156895,아주IB투자,27360,20200902
141149,영진약품,3520,20200907
1110182,이노테라피,246960,20200907
990396,뿌리깊은나무들,266170,20201021
265324,CJ ENM,35760,20200908
138279,S-Oil,10950,20200908
937324,한국타이어앤테크놀로지,161390,20200908
110307,대선조선,31990,20201006
172945,동일철강,23790,20201006
133751,세명전기,17510,20201006
291860,조광ILI,44060,20201006
365624,광진윈텍,90150,20201006
591441,어보브반도체,102120,20201006
158112,한국수출포장공업,2200,20201127
595182,아톤,158430,20200907
126089,대유플러스,300,20200907
164742,현대자동차,5380,20200911
118266,DRB동일,4840,20201006
1108442,에치에프알,230240,20201006
480950,이아이디,93230,20201006
905316,하이골드3호,153360,20200601
348292,한빛소프트,47080,20200601
954242,하이골드12호,172580,20200601
609485,웅진에너지,103130,20200601
986898,팜스빌,318010,20200909
159795,한국카본,17960,20200910
169215,에너토크,19990,20200602
1190124,미디어젠,279600,20200615
137234,모베이스전자,12860,20200702
781202,뉴프라이드,900100,20200703
1174038,자비스,254120,20200703
1247918,한화에이스기업인수목적4호,279410,20200703
356802,큐렉소,60280,20200703
939331,한국콜마,161890,20201008
1080252,넥스틴,348210,20201008
330424,이베스트투자증권,78020,20201008
815095,우리이앤엘,153490,20200914
1099667,에스디생명공학,217480,20200721
833064,엠플러스,259630,20201106
131850,SK증권,1510,20200615
173661,에스지신성건설,1970,20200623
159102,DB손해보험,5830,20200709
1257526,한국제6호기업인수목적,281410,20200727
1214743,더네이쳐홀딩스,298540,20200727
113526,대한항공,3490,20201008
298270,안랩,53800,20201008
110893,대신증권,3540,20200722
109019,대구은행,5270,20200929
445054,하나마이크론,67310,20200701
352718,소리바다,53110,20200714
1251577,휴네시온,290270,20201008
120182,NH투자증권,5940,20201019
118008,동원금속,18500,20201112
160861,한농화성,11500,20201112
606886,엔지켐생명과학,183490,20200604
426086,휴켐스,69260,20201112
1042085,엑셈,205100,20201112
159005,생고뱅코리아홀딩스,2000,20200723
120289,제이에스티나,26040,20201016
201432,비츠로시스,54220,20201016
519252,THE E&M,89230,20201016
961507,이더블유케이,258610,20201016
1032404,콜마비앤에이치,200130,20201016
617998,세원,234100,20201019
1118281,피플바이오,304840,20201019
297989,오르비텍,46120,20200604
611286,티케이씨,191600,20200604
1011872,엔에스엠,238170,20201116
1026616,유투바이오,221800,20201116
867849,오파스넷,173130,20201117
360674,코위버,56360,20200604
816544,토니모리,214420,20201117
759513,LG하우시스,108670,20201120
1051472,젠큐릭스,229000,20200625
545929,제넥신,95700,20200625
1160512,헝셩그룹,900270,20200707
364254,알티캐스트,85810,20200629
187770,한국파마,32300,20200810
608802,텔콘RF제약,200230,20200707
100939,강남제비스코,860,20200806
203290,한국콜마홀딩스,24720,20200807
1267170,SK케미칼,285130,20201026
160588,한화,880,20201103
257149,에이프런티어,36180,20201103
1262458,동아타이어,282690,20201103
1319808,한일시멘트,300720,20201103
543204,아이오케이,78860,20201103
799539,제노레이,122310,20201103
260657,오상헬스케어,36220,20201113
407036,선바이오,67370,20201113
158307,롯데하이마트,71840,20200814
226547,오상자이엘,53980,20200814
373447,서린바이오,38070,20200814
1067808,넵튠,217270,20200814
149354,종근당홀딩스,1630,20200814
201450,SK렌터카,68400,20201026
508344,SK디앤디,210980,20201026
185222,크린앤사이언스,45520,20200707
757816,모다,149940,20200710
367482,라이트론,69540,20201123
1118139,이도바이오,336040,20201124
128607,삼천리자전거,24950,20201126
767460,PI첨단소재,178920,20201126
258360,위지트,36090,20200818
1344752,케어룸의료산업,327970,20200818
819073,인크로스,216050,20200818
372688,티사이언티픽,57680,20200826
249894,테라젠이텍스,66700,20201023
337296,원포유,122830,20201023
872452,에이치엔티,176440,20201023
1236532,와이즈버즈,273060,20201023
1259418,대보마그네틱,290670,20201023
539274,대상홀딩스,84690,20201023
1188378,시스웍,269620,20201023
173731,씨앤에스자산관리,32040,20200812
767628,나이벡,138610,20200813
384717,넥스트BT,65170,20201105
526951,이엠코리아,95190,20201111
635134,CJ제일제당,97950,20201117
125150,SGC에너지,5090,20201120
402110,시큐브,131090,20201120
606770,참좋은여행,94850,20201120
684802,에이플러스에셋,244920,20201120
608440,티앤엘,340570,20201120
406329,루멘스,38060,20201123
370255,바른전자,64520,20201127
144021,원풍물산,8290,20201127
317089,에스디,66930,20201026
147772,정원엔시스,45510,20200717
362201,세운메디칼,100700,20200717
599887,신텍,99660,20200720
688358,하이즈항공,221840,20200721
601641,리드,197210,20201126
160205,한국내화,10040,20201126
144720,유양디앤유,11690,20201126
201788,제낙스,65620,20201126
385415,일신바이오,68330,20201126
372873,KTis,58860,20201126
1489648,솔브레인,357780,20201106
495554,아이엠이연이,90740,20201106
164502,현대공업,170030,20201106
159573,한국주철관공업,970,20200827
297448,젬백스지오,41590,20201111
269852,인프라웨어,41020,20201127
132868,성안,11300,20201127
415628,세진중공업,75580,20201127
560122,텔레필드,91440,20201127
148443,제일파마홀딩스,2620,20201127
369213,리노스,39980,20201127
1042359,지엘팜텍,204840,20201127
114093,덕성,4830,20200901
307897,신한카드,32710,20200910
190321,케이티,30200,20200910
188973,화일약품,61250,20200921
230036,드래곤플라이,30350,20200921
1168684,스튜디오드래곤,253450,20200921
1153105,비비씨,318410,20200921
108065,쎌마테라퓨틱스,15540,20200723
1050738,솔트룩스,304100,20200723
1419384,하나금융16호스팩,343510,20200723
164724,현대엘리베이터,17800,20200723
288343,삼영이엔씨,65570,20201119
253985,국보디자인,66620,20201119
136776,제이준코스메틱,25620,20201119
297961,케이맥,43290,20201126
317487,에이치엘비파워,43220,20201127
1142400,이루다,164060,20201127
666064,셀바스AI,108860,20201127
666204,제너셈,217190,20201127
105271,케이씨씨,2380,20200803
113544,대한화섬,3830,20200803
153393,태광산업,3240,20200803
579971,칩스앤미디어,94360,20200803
1042775,만도,204320,20200803
1015160,와이팜,332570,20200803
245694,남화산업,111710,20200912
1414361,SK5호스팩,337450,20201102
295370,에이아이비트,39230,20201118
249441,씨씨에스,66790,20201126
150165,브이티지엠피,18290,20201110
288495,홈센타홀딩스,60560,20200804
365590,에이치엘비생명과학,67630,20200804
364795,레드로버,60300,20200828
405278,KG모빌리언스,46440,20200828
1450105,미래에셋대우스팩 5호,353490,20200828
838962,알서포트,131370,20201119
259934,예림당,36000,20201119
226352,케이엠더블유,32500,20201120
549925,루트로닉,85370,20201120
568461,보광산업,225530,20201120
142661,우성사료,6980,20201124
186559,콤텍시스템,31820,20201124
531078,유비온,84440,20201124
1035678,와이제이엠게임즈,193250,20200724
625942,아이원스,114810,20200724
287812,에코바이오,38870,20200731
220622,서호전기,65710,20200731
476036,에프엔에스테크,83500,20200814
899556,제룡산업,147830,20200814
172680,동국산업,5160,20201125
